Ranking,Player,Tm,FantPos,Age,G,GS,Cmp,PassAtt,PassYds,PassTD,Ints,RushAtt,RushYds,Y/A,RushTD,Tgt,Rec,RecYds,Y/R,RecTD,Fmb,FL,TotalTD,2PM,2PP,FantPt,PPR,DKPt,FDPt,VBD,PosRank,OvRank

0,Josh Jacobs,LVR,RB,24,13,13,0,0,0,0,0,269,1402,5.21,11,52,44,346,7.86,0,2,1,11,,,239,282.8,289.8,260.8,121,1,1

1,Jalen Hurts,PHI,QB,24,13,13,264,388,3157,22,3,139,686,4.94,10,0,0,0,,0,9,2,10,1,,335,334.9,345.9,337.9,116,1,2

2,Travis Kelce,KAN,TE,33,13,13,0,0,0,0,0,2,5,2.50,0,117,81,1039,12.83,12,1,1,12,1,,176,257.4,261.4,216.9,105,1,3

3,Christian McCaffrey,2TM,RB,26,14,13,1,1,34,1,0,200,927,4.64,6,94,74,623,8.42,4,1,0,10,,,220,294.4,300.4,257.4,103,2,4

4,Patrick Mahomes,KAN,QB,27,13,13,336,511,4160,33,11,47,280,5.96,2,0,0,0,,0,4,0,2,1,1,320,320.4,337.4,331.4,102,2,5

5,Derrick Henry ,TEN,RB,28,13,13,2,2,4,1,0,275,1199,4.36,11,34,26,320,12.31,0,4,2,11,,,218,244.1,252.1,231.1,101,3,6

6,Justin Jefferson,MIN,WR,23,13,13,2,2,34,0,0,4,24,6.00,1,142,99,1500,15.15,6,0,0,7,1,,198,296.8,299.8,247.3,101,1,7

7,Davante Adams,LVR,WR,30,13,13,0,0,0,0,0,3,-1,-0.33,0,142,82,1247,15.21,12,1,0,12,,,197,278.6,281.6,237.6,100,2,8

8,Josh Allen,BUF,QB,26,13,13,300,470,3553,26,11,99,628,6.34,6,0,0,0,,0,10,4,6,,,315,314.9,335.9,325.9,97,3,9

9,Tyreek Hill,MIA,WR,28,13,13,0,0,0,0,0,6,30,5.00,0,139,100,1460,14.60,6,1,0,7,,,191,291.0,294.0,241.0,95,3,10

10,Nick Chubb,CLE,RB,27,13,13,0,0,0,0,0,231,1153,4.99,12,27,20,172,8.60,0,1,1,12,1,,205,224.5,231.5,214.5,88,4,11

11,Stefon Diggs,BUF,WR,29,13,13,0,0,0,0,0,0,0,,0,133,94,1239,13.18,10,1,0,10,,,184,277.9,280.9,230.9,88,4,12

12,Austin Ekeler,LAC,RB,27,13,13,0,0,0,0,0,153,634,4.14,8,112,93,623,6.70,5,4,2,13,,,200,292.7,300.7,246.2,84,5,13

13,Joe Burrow,CIN,QB,26,13,13,322,473,3685,27,9,65,234,3.60,5,0,0,0,,0,4,2,5,,2,291,290.8,307.8,299.8,74,4,14

14,Tony Pollard,DAL,RB,25,13,4,0,0,0,0,0,158,894,5.66,9,41,29,279,9.62,3,0,0,12,,,189,218.3,224.3,203.8,74,6,15

15,Saquon Barkley,NYG,RB,25,13,13,0,0,0,0,0,251,1083,4.31,8,54,42,261,6.21,0,1,0,8,1,,184,226.4,232.4,205.4,70,7,16

16,Miles Sanders,PHI,RB,25,13,11,0,0,0,0,0,204,1068,5.24,11,23,18,85,4.72,0,0,0,11,,,181,199.3,202.3,190.3,67,8,17

17,A.J. Brown,PHI,WR,25,13,12,0,0,0,0,0,0,0,,0,102,65,1020,15.69,10,2,2,10,,,158,223.0,228.0,190.5,64,5,18

18,Jamaal Williams,DET,RB,27,13,7,0,0,0,0,0,204,806,3.95,14,13,9,57,6.33,0,3,2,14,1,,168,177.3,182.3,172.8,54,9,19

19,Dalvin Cook,MIN,RB,27,13,13,0,0,0,0,0,213,950,4.46,8,44,29,170,5.86,1,2,2,9,,,162,191.0,199.0,176.5,48,10,20

20,Tyler Lockett,SEA,WR,30,14,14,0,0,0,0,0,0,0,,0,108,78,964,12.36,8,2,2,8,,,140,218.4,223.4,179.4,47,6,21

21,Geno Smith,SEA,QB,32,14,14,337,472,3671,26,8,56,281,5.02,1,0,0,0,,0,7,4,1,,,261,260.9,278.9,268.9,46,5,22

22,CeeDee Lamb,DAL,WR,23,13,13,0,0,0,0,0,9,46,5.11,0,117,74,961,12.99,6,0,0,6,,,137,210.7,213.7,173.7,43,7,23

23,Jaylen Waddle,MIA,WR,24,13,13,0,0,0,0,0,2,17,8.50,0,94,59,1003,17.00,6,1,1,6,,,136,195.0,199.0,165.5,43,8,24

24,Amon-Ra St. Brown,DET,WR,23,12,12,0,0,0,0,0,7,89,12.71,0,109,82,898,10.95,6,0,0,6,,,135,216.7,219.7,175.7,42,9,25

25,Aaron Jones,GNB,RB,28,13,13,0,0,0,0,0,164,847,5.16,2,58,48,328,6.83,4,3,1,6,1,,154,201.5,208.5,177.5,40,11,26

26,Joe Mixon,CIN,RB,26,11,11,0,0,0,0,0,172,701,4.08,6,55,43,324,7.53,2,0,0,8,,,151,193.5,199.5,172.0,38,12,27

27,Christian Kirk,JAX,WR,26,13,13,0,1,0,0,0,4,7,1.75,0,106,67,874,13.04,7,1,1,7,,,128,195.1,199.1,161.6,35,10,28

28,Amari Cooper,CLE,WR,28,13,13,0,1,0,0,1,0,0,,0,109,63,874,13.87,7,0,0,7,,,127,190.4,194.4,159.9,35,11,29

29,Cooper Kupp,LAR,WR,29,9,9,0,1,0,0,0,9,52,5.78,1,98,75,812,10.83,6,2,1,7,,,126,201.4,205.4,163.9,34,12,30

30,Taysom Hill,NOR,TE,32,12,7,9,15,136,1,0,61,419,6.87,5,11,7,66,9.43,2,1,0,7,,,100,106.9,109.9,103.4,33,2,31

31,Mark Andrews,BAL,TE,27,12,12,0,0,0,0,0,3,8,2.67,0,92,58,671,11.57,5,1,0,5,1,,100,157.9,160.9,128.9,33,3,32

32,Justin Fields,CHI,QB,23,12,12,156,253,1896,13,10,128,905,7.07,8,0,0,0,,0,13,1,8,,1,246,246.3,263.3,256.3,33,6,33

33,D.K. Metcalf,SEA,WR,25,14,14,0,0,0,0,0,0,0,,0,119,79,924,11.70,6,2,2,6,,,124,203.4,208.4,163.9,32,13,34

34,Ja'Marr Chase,CIN,WR,22,9,9,0,0,0,0,0,5,8,1.60,0,97,64,821,12.83,7,1,1,7,,,123,186.9,190.9,154.9,30,14,35

35,Rhamondre Stevenson,NWE,RB,24,13,5,0,0,0,0,0,164,742,4.52,4,70,58,385,6.64,1,1,0,5,,,143,200.7,206.7,171.7,30,13,36

36,T.J. Hockenson,2TM,TE,25,13,12,0,0,0,0,0,0,0,,0,91,62,697,11.24,4,1,1,4,1,,94,155.7,159.7,124.7,27,4,37

37,George Kittle,SFO,TE,29,12,12,0,0,0,0,0,0,0,,0,64,46,593,12.89,6,1,1,6,,,93,139.3,143.3,116.3,27,5,38

38,Kenneth Walker III,SEA,RB,22,12,8,0,0,0,0,0,150,696,4.64,9,31,23,148,6.43,0,0,0,9,,,138,161.4,167.4,149.9,26,14,39

39,Brandon Aiyuk,SFO,WR,24,14,14,0,0,0,0,0,1,7,7.00,0,90,60,774,12.90,7,1,1,7,,,118,178.1,182.1,148.1,26,15,40

40,Dameon Pierce,HOU,RB,22,13,13,0,0,0,0,0,220,939,4.27,4,39,30,165,5.50,1,4,2,5,,,136,166.4,174.4,151.4,24,15,41

41,Tee Higgins,CIN,WR,23,13,11,0,0,0,0,0,0,0,,0,85,60,861,14.35,5,0,0,5,,,116,176.1,179.1,146.1,24,16,42

42,Lamar Jackson,BAL,QB,25,12,12,203,326,2242,17,7,112,764,6.82,3,0,0,0,,0,5,2,3,,1,236,236.1,251.1,243.1,23,7,43

43,Trevor Lawrence,JAX,QB,23,13,13,303,458,3202,20,6,46,218,4.74,4,0,0,0,,0,8,6,4,,3,236,235.9,253.9,241.9,23,8,44

44,Terry McLaurin,WAS,WR,27,13,13,0,0,0,0,0,6,17,2.83,0,98,62,945,15.24,3,1,0,3,,,114,176.2,179.2,145.2,22,17,45

45,Ezekiel Elliott,DAL,RB,27,11,10,0,0,0,0,0,172,716,4.16,9,18,14,73,5.21,0,0,0,9,,,133,146.9,149.9,139.9,21,16,46

46,Garrett Wilson,NYJ,WR,22,13,8,0,1,0,0,0,4,4,1.00,0,101,63,868,13.78,4,1,0,4,,,111,174.2,177.2,142.7,19,18,47

47,Deebo Samuel,SFO,WR,26,12,11,0,0,0,0,0,41,228,5.56,3,91,54,612,11.33,2,3,2,5,,,110,164.0,172.0,137.0,18,19,48

48,Justin Herbert,LAC,QB,24,13,13,379,561,3706,21,7,45,143,3.18,0,2,2,-10,-5.00,0,6,2,0,,1,230,231.5,246.5,237.5,17,9,49

49,Najee Harris,PIT,RB,24,13,13,1,1,4,0,0,187,704,3.76,5,40,32,165,5.16,2,2,1,7,,,127,159.1,166.1,143.1,16,17,50

50,Chris Olave,NOR,WR,22,12,7,0,0,0,0,0,0,0,,0,98,60,887,14.78,3,1,1,3,1,,107,166.7,170.7,136.7,15,20,51

51,Evan Engram,JAX,TE,28,13,10,0,0,0,0,0,1,0,0.00,0,74,53,548,10.34,4,0,0,4,1,,81,133.8,136.8,107.3,15,6,52

52,Gabriel Davis,BUF,WR,23,12,12,0,0,0,0,0,0,0,,0,71,38,696,18.32,6,0,0,6,,,106,143.6,146.6,124.6,14,21,53

53,DeVonta Smith,PHI,WR,24,13,13,0,0,0,0,0,0,0,,0,95,66,775,11.74,5,1,1,5,,,106,171.5,175.5,138.5,14,22,54

54,Travis Etienne,JAX,RB,23,13,8,0,0,0,0,0,163,814,4.99,4,34,25,214,8.56,0,4,2,4,1,,125,149.8,157.8,137.3,13,18,55

55,Leonard Fournette,TAM,RB,27,12,9,0,1,0,0,1,149,524,3.52,3,64,55,380,6.91,3,0,0,6,,,124,179.4,186.4,152.9,13,19,56

56,Daniel Jones,NYG,QB,25,13,13,247,374,2534,12,4,95,548,5.77,5,0,0,0,,0,5,3,5,,1,222,222.2,235.2,226.2,10,10,57

57,Christian Watson,GNB,WR,23,10,7,0,0,0,0,0,5,68,13.60,2,41,25,401,16.04,7,0,0,9,,,101,125.9,128.9,113.4,10,23,58

58,Pat Freiermuth,PIT,TE,24,12,7,0,0,0,0,0,0,0,,0,82,53,630,11.89,2,0,0,2,,,75,128.0,131.0,101.5,10,7,59

59,Mike Evans,TAM,WR,29,12,12,0,0,0,0,0,0,0,,0,98,59,805,13.64,3,0,0,3,,,99,157.5,160.5,128.0,8,24,60

60,Cole Kmet,CHI,TE,23,13,13,0,0,0,0,0,2,9,4.50,0,50,35,408,11.66,5,1,0,5,,,72,106.7,109.7,89.2,6,8,61

61,Jonathan Taylor,IND,RB,23,10,10,0,0,0,0,0,192,861,4.48,4,39,27,130,4.81,0,3,3,4,,,117,144.1,153.1,130.6,6,20,62

62,Curtis Samuel,WAS,WR,26,13,10,0,0,0,0,0,31,188,6.06,1,79,54,556,10.30,3,1,1,4,,,96,150.4,157.4,123.4,6,25,63

63,Dallas Goedert,PHI,TE,27,9,9,0,0,0,0,0,0,0,,0,53,43,544,12.65,3,1,1,3,,,70,113.4,117.4,91.9,5,9,64

64,Jerry Jeudy,DEN,WR,23,11,10,0,0,0,0,0,1,1,1.00,0,68,42,587,13.98,6,0,0,6,,,95,136.8,139.8,115.8,4,26,65

65,Zach Ertz,ARI,TE,32,10,10,0,0,0,0,0,0,0,,0,69,47,406,8.64,4,0,0,4,2,,69,115.6,118.6,92.1,3,10,66

66,Antonio Gibson ,WAS,RB,24,13,6,0,0,0,0,0,139,515,3.71,3,51,42,326,7.76,2,0,0,5,,,114,156.1,162.1,135.1,3,21,67

67,Devin Singletary,BUF,RB,25,13,13,0,0,0,0,0,145,642,4.43,4,44,32,230,7.19,1,2,2,5,,,113,145.2,153.2,129.2,3,22,68

68,David Njoku,CLE,TE,26,10,10,0,0,0,0,0,2,-8,-4.00,0,61,48,523,10.90,3,1,1,3,,,68,115.5,119.5,91.5,2,11,69

69,Kirk Cousins,MIN,QB,34,13,13,321,490,3358,20,9,25,58,2.32,2,0,0,0,,0,5,2,2,,2,214,214.1,228.1,223.1,2,11,70

70,Tyler Boyd,CIN,WR,28,13,11,1,1,23,0,0,0,0,,0,66,45,655,14.56,4,0,0,4,1,,92,137.4,140.4,114.9,2,27,71

71,JuJu Smith-Schuster,KAN,WR,26,12,11,0,0,0,0,0,0,0,,0,82,61,762,12.49,3,2,1,3,,,92,153.2,157.2,122.7,2,28,72

72,Allen Lazard ,GNB,WR,27,11,11,0,0,0,0,0,0,0,,0,75,45,620,13.78,5,0,0,5,,,92,137.0,140.0,114.5,1,29,73

73,Jeff Wilson,2TM,RB,27,13,7,0,0,0,0,0,136,706,5.19,4,26,16,149,9.31,1,3,2,5,,,112,127.5,135.5,119.5,1,23,74

74,Juwan Johnson,NOR,TE,26,12,8,0,0,0,0,0,0,0,,0,49,31,349,11.26,5,0,0,5,,,65,95.9,98.9,80.4,,12,75

75,Tory Carter,TEN,,23,9,3,0,0,0,0,0,0,0,,0,0,0,0,,0,0,0,0,,,,,,,,2,76

76,David Montgomery,CHI,RB,25,12,12,0,0,0,0,0,160,641,4.01,4,30,25,244,9.76,0,1,1,4,,,111,135.5,142.5,123.0,,24,77

77,Alex Armah,WAS,,28,2,0,0,0,0,0,0,0,0,,0,0,0,0,,0,0,0,0,,,,,,,,1,78

78,Jared Goff,DET,QB,28,13,13,290,444,3352,22,7,23,51,2.22,0,1,1,5,5.00,0,5,3,0,1,1,212,212.7,225.7,219.2,,12,

79,Tua Tagovailoa,MIA,QB,24,11,11,226,345,3004,22,5,21,63,3.00,0,0,0,0,,0,3,1,0,,,202,202.5,211.5,207.5,,13,

80,Kyler Murray,ARI,QB,25,11,11,259,390,2368,14,7,67,418,6.24,3,0,0,0,,0,8,2,3,1,3,201,200.5,215.5,207.5,,14,

81,Tom Brady,TAM,QB,45,13,13,381,579,3585,17,5,22,-7,-0.32,0,1,0,0,,0,3,2,0,,1,199,198.7,208.7,203.7,,15,

82,Marcus Mariota,ATL,QB,29,13,13,184,300,2219,15,9,85,438,5.15,4,0,0,0,,0,8,3,4,,2,197,196.6,214.6,205.6,,16,

83,Derek Carr,LVR,QB,31,13,13,269,434,3117,20,10,21,88,4.19,0,0,0,0,,0,3,0,0,,,193,193.5,206.5,203.5,,17,

84,Aaron Rodgers,GNB,QB,39,13,13,272,423,2864,22,9,20,67,3.35,0,0,0,0,,0,7,4,0,,2,187,187.3,203.3,196.3,,18,

85,Russell Wilson,DEN,QB,34,12,12,238,394,2805,11,6,41,215,5.24,1,1,1,1,1.00,0,5,1,1,,,170,170.8,183.8,176.3,,19,

86,Jacoby Brissett,CLE,QB,30,13,11,236,369,2608,12,6,47,238,5.06,2,0,0,0,,0,6,4,2,,,168,168.1,184.1,174.1,,20,

87,Jimmy Garoppolo,SFO,QB,31,11,10,207,308,2437,16,4,23,33,1.43,2,0,0,0,,0,3,2,2,,,165,164.8,173.8,168.8,,21,

88,Ryan Tannehill,TEN,QB,34,11,11,197,303,2371,13,5,31,97,3.13,1,0,0,0,,0,3,2,1,,1,151,150.5,160.5,155.5,,22,

89,Matt Ryan,IND,QB,37,11,11,290,428,2875,13,13,24,70,2.92,1,0,0,0,,0,14,5,1,,,144,144.0,165.0,157.0,,23,

90,Andy Dalton,NOR,QB,35,10,10,200,299,2252,15,7,24,54,2.25,0,0,0,0,,0,3,1,0,,1,141,141.5,152.5,148.5,,24,

91,Dak Prescott,DAL,QB,29,8,8,168,251,1847,14,9,25,94,3.76,1,0,0,0,,0,2,0,1,,,127,127.3,139.3,136.3,,25,

92,Davis Mills,HOU,QB,24,11,11,219,349,2319,11,12,18,40,2.22,1,0,0,0,,0,4,1,1,,,121,120.8,136.8,132.8,,26,

93,Mac Jones,NWE,QB,24,10,10,208,305,2198,7,8,35,87,2.49,1,0,0,0,,0,5,1,1,,,113,112.6,124.6,120.6,,27,

94,Kenny Pickett,PIT,QB,24,10,9,191,294,1797,4,8,44,225,5.11,3,0,0,0,,0,3,1,3,,1,112,112.4,127.4,120.4,,28,

95,James Conner,ARI,RB,27,10,10,0,0,0,0,0,136,561,4.13,5,42,33,200,6.06,1,3,1,6,,,110,143.1,150.1,126.6,,25,

96,Alvin Kamara,NOR,RB,27,11,10,0,0,0,0,0,143,550,3.85,1,68,51,433,8.49,2,4,4,3,,,108,159.3,169.3,133.8,,26,

97,Matthew Stafford,LAR,QB,34,9,9,206,303,2087,10,8,13,9,0.69,1,0,0,0,,0,5,3,1,,,108,108.4,122.4,116.4,,29,

98,Khalil Herbert,CHI,RB,24,10,1,0,0,0,0,0,108,643,5.95,4,7,6,62,10.33,1,0,0,5,,,101,106.5,109.5,103.5,,28,

99,D'Andre Swift,DET,RB,23,10,6,0,0,0,0,0,70,375,5.36,4,45,31,253,8.16,2,1,0,6,1,,101,131.8,137.8,116.3,,27,

100,Raheem Mostert,MIA,RB,30,12,10,0,0,0,0,0,136,610,4.49,3,27,18,126,7.00,1,0,0,4,,,98,115.6,121.6,106.6,,29,

101,Cordarrelle Patterson,ATL,RB,31,9,8,0,0,0,0,0,108,566,5.24,5,16,11,65,5.91,0,1,1,6,,,97,108.1,112.1,102.6,,31,

102,Samaje Perine,CIN,RB,27,13,2,0,0,0,0,0,78,349,4.47,2,45,33,264,8.00,4,0,0,6,,,97,130.3,136.3,113.8,,30,

103,Carson Wentz,WAS,QB,30,6,6,144,232,1489,10,6,19,79,4.16,0,0,0,0,,0,6,1,0,,2,97,97.5,107.5,103.5,,30,

104,AJ Dillon ,GNB,RB,24,13,3,0,0,0,0,0,143,624,4.36,3,33,23,159,6.91,0,1,0,3,,,96,119.3,125.3,107.8,,32,

105,Breece Hall,NYJ,RB,21,7,2,0,0,0,0,0,80,463,5.79,4,31,19,218,11.47,1,1,1,5,,,96,115.1,122.1,105.6,,33,

106,D'Onta Foreman,CAR,RB,26,13,6,0,0,0,0,0,147,637,4.33,4,9,5,26,5.20,0,0,0,4,1,,92,97.3,100.3,94.8,,34,

107,Taylor Heinicke,WAS,QB,29,7,7,131,212,1444,9,5,23,67,2.91,1,0,0,0,,0,4,2,1,,,92,92.5,102.5,97.5,,31,

108,Adam Thielen,MIN,WR,32,13,13,0,0,0,0,0,0,0,,0,91,63,645,10.24,4,0,0,4,1,,91,153.5,156.5,122.0,,30,

109,D.J. Moore,CAR,WR,25,13,13,0,0,0,0,0,9,45,5.00,0,91,46,605,13.15,4,0,0,4,,,89,135.0,138.0,112.0,,31,

110,Baker Mayfield,2TM,QB,27,8,6,141,241,1543,7,6,20,62,3.10,1,0,0,0,,0,6,1,1,,,88,87.9,97.9,93.9,,32,

111,Mike Williams,LAC,WR,28,9,9,0,0,0,0,0,0,0,,0,66,44,626,14.23,4,0,0,4,,,87,130.6,133.6,108.6,,32,

112,Michael Pittman Jr.,IND,WR,25,12,12,0,0,0,0,0,0,0,,0,107,76,755,9.93,2,2,1,2,,,86,161.5,165.5,123.5,,33,

113,Josh Palmer,LAC,WR,24,12,10,0,0,0,0,0,1,4,4.00,0,92,61,665,10.90,3,1,0,3,,,85,145.9,148.9,115.4,,35,

114,Donovan Peoples-Jones,CLE,WR,23,13,11,0,0,0,0,0,1,2,2.00,0,80,53,751,14.17,1,1,1,2,,,85,138.3,142.3,111.8,,34,

115,Kareem Hunt,CLE,RB,27,13,0,0,0,0,0,0,106,423,3.99,3,35,27,179,6.63,1,1,0,4,,,84,111.2,117.2,97.7,,35,

116,Chris Godwin,TAM,WR,26,11,10,0,0,0,0,0,3,5,1.67,0,108,73,702,9.62,2,0,0,2,,,83,155.7,158.7,119.2,,36,

117,Zay Jones,JAX,WR,27,12,11,0,0,0,0,0,3,21,7.00,0,98,68,655,9.63,2,0,0,2,1,,82,149.6,152.6,115.6,,37,

118,Isiah Pacheco,KAN,RB,22,13,7,0,0,0,0,0,124,591,4.77,3,9,9,69,7.67,0,3,1,3,,,82,91.0,95.0,86.5,,36,

119,Tyler Allgeier,ATL,RB,22,12,5,0,0,0,0,0,131,604,4.61,1,10,10,87,8.70,1,0,0,2,,,81,91.1,94.1,86.1,,38,

120,Clyde Edwards-Helaire,KAN,RB,23,10,6,0,0,0,0,0,71,302,4.25,3,23,17,151,8.88,3,0,0,6,,,81,98.3,104.3,89.8,,37,

121,Mack Hollins,LVR,WR,29,13,12,1,1,4,0,0,4,40,10.00,0,77,47,588,12.51,3,0,0,3,,,81,128.0,131.0,104.5,,40,

122,DeAndre Hopkins,ARI,WR,30,7,7,0,0,0,0,0,0,0,,0,75,56,653,11.66,3,2,1,3,,,81,137.3,141.3,109.3,,39,

123,George Pickens,PIT,WR,21,13,8,0,0,0,0,0,3,24,8.00,1,64,40,590,14.75,2,0,0,3,1,,81,121.4,124.4,101.4,,38,

124,Jerick McKinnon,KAN,RB,30,13,0,0,0,0,0,0,53,222,4.19,0,51,38,359,9.45,4,1,1,4,,,80,118.1,125.1,99.1,,39,

125,Brian Robinson Jr.,WAS,RB,23,9,7,0,0,0,0,0,147,563,3.83,2,9,8,42,5.25,1,1,0,3,,,79,86.5,89.5,82.5,,40,

126,James Robinson,2TM,RB,24,11,5,0,0,0,0,0,110,425,3.86,3,14,11,51,4.64,2,1,0,5,,,78,88.6,91.6,83.1,,41,

127,Drake London,ATL,WR,21,13,11,0,0,0,0,0,0,0,,0,81,47,533,11.34,4,1,1,4,1,,77,124.3,128.3,100.8,,41,

128,Zach Wilson,NYJ,QB,23,7,7,105,189,1279,4,5,24,94,3.92,1,1,1,2,2.00,1,1,1,2,,,77,77.8,86.8,82.3,,33,

129,Michael Carter,NYJ,RB,23,12,9,0,0,0,0,0,104,375,3.61,3,42,31,224,7.23,0,2,1,3,,,76,106.9,113.9,91.4,,43,

130,Devin Duvernay,BAL,WR,25,13,13,0,0,0,0,0,12,84,7.00,1,46,35,378,10.80,3,0,0,5,,,76,111.2,114.2,93.7,,42,

131,Jakobi Meyers,NWE,WR,26,10,9,0,0,0,0,0,2,9,4.50,0,67,50,593,11.86,3,1,1,3,,,76,126.2,130.2,101.2,,43,

132,Latavius Murray,2TM,RB,32,9,3,0,0,0,0,0,112,437,3.90,4,24,20,83,4.15,0,0,0,4,,,76,96.0,99.0,86.0,,42,

133,Marquise Brown,ARI,WR,25,8,8,0,0,0,0,0,0,0,,0,80,53,565,10.66,3,1,0,3,,,75,127.5,130.5,101.0,,45,

134,Courtland Sutton,DEN,WR,27,12,12,0,0,0,0,0,1,5,5.00,0,89,52,688,13.23,1,0,0,1,,,75,127.3,130.3,101.3,,44,

135,Kenyan Drake,BAL,RB,28,11,5,0,0,0,0,0,93,422,4.54,3,21,15,70,4.67,1,1,0,4,,,73,88.2,91.2,80.7,,44,

136,Isaiah McKenzie,BUF,WR,27,12,7,0,0,0,0,0,8,49,6.13,1,55,38,380,10.00,4,0,0,5,,,73,110.9,113.9,91.9,,46,

137,Darius Slayton,NYG,WR,25,12,8,0,0,0,0,0,0,0,,0,55,35,608,17.37,2,0,0,2,,,73,107.8,110.8,90.3,,47,

138,Parris Campbell,IND,WR,25,13,12,0,0,0,0,0,3,31,10.33,0,68,50,497,9.94,3,0,0,3,,,71,120.8,123.8,95.8,,48,

139,Mecole Hardman,KAN,WR,24,8,5,0,0,0,0,0,4,31,7.75,2,34,25,297,11.88,4,1,0,6,,,69,93.8,96.8,81.3,,50,

140,Diontae Johnson,PIT,WR,26,13,13,0,0,0,0,0,6,23,3.83,0,113,67,647,9.66,0,1,0,0,1,,69,136.0,139.0,102.5,,49,

141,Rachaad White,TAM,RB,23,13,4,0,0,0,0,0,96,370,3.85,1,47,40,242,6.05,1,3,3,2,,,67,107.2,116.2,87.2,,45,

142,Marquez Valdes-Scantling,KAN,WR,28,13,8,0,0,0,0,0,1,-3,-3.00,0,61,34,606,17.82,1,0,0,1,,,66,100.3,103.3,83.3,,51,

143,Damien Harris,NWE,RB,25,9,8,0,0,0,0,0,84,383,4.56,3,16,13,75,5.77,0,0,0,3,,,64,76.8,79.8,70.3,,46,

144,Gerald Everett,LAC,TE,28,12,8,0,0,0,0,0,1,0,0.00,0,73,48,490,10.21,2,0,0,2,1,,63,111.0,114.0,87.0,,13,

145,Marquise Goodwin,SEA,WR,32,12,1,0,0,0,0,0,2,5,2.50,0,38,27,387,14.33,4,0,0,4,,,63,90.2,93.2,76.7,,52,

146,Alec Pierce,IND,WR,22,12,9,0,0,0,0,0,0,0,,0,60,32,510,15.94,2,1,0,2,,,63,95.0,98.0,79.0,,53,

147,Eno Benjamin,2TM,RB,23,12,3,0,0,0,0,0,73,300,4.11,2,33,24,184,7.67,0,0,0,2,1,,62,86.4,92.4,74.4,,47,

148,DeAndre Carter,LAC,WR,29,13,7,0,0,0,0,0,1,-5,-5.00,0,55,40,466,11.65,3,1,1,3,,,62,102.1,106.1,82.1,,54,

149,Melvin Gordon,DEN,RB,29,10,6,0,0,0,0,0,90,318,3.53,2,32,25,223,8.92,0,5,2,2,,,62,87.1,95.1,74.6,,48,

150,Darnell Mooney,CHI,WR,25,12,12,0,0,0,0,0,1,2,2.00,0,61,40,493,12.33,2,0,0,2,,,62,101.5,104.5,81.5,,55,

151,Josh Reynolds,DET,WR,27,10,9,0,0,0,0,0,0,0,,0,52,34,427,12.56,3,0,0,3,,,61,94.7,97.7,77.7,,56,

152,Cam Akers,LAR,RB,23,11,5,0,0,0,0,0,113,376,3.33,4,8,4,19,4.75,0,2,2,4,,,60,63.5,68.5,61.5,,49,

153,Nico Collins,HOU,WR,23,10,7,0,0,0,0,0,0,0,,0,66,37,481,13.00,2,0,0,2,,,60,97.1,100.1,78.6,,57,

154,Tyler Conklin,NYJ,TE,27,13,13,0,0,0,0,0,1,1,1.00,0,71,45,418,9.29,3,2,0,3,,,60,104.9,107.9,82.4,,14,

155,Mitchell Trubisky,PIT,QB,28,6,4,100,158,1073,4,5,13,29,2.23,1,0,0,0,,0,0,0,1,,1,60,59.8,67.8,64.8,,34,

156,Brandin Cooks,HOU,WR,29,10,10,0,0,0,0,0,2,7,3.50,0,71,44,520,11.82,1,0,0,1,,,59,102.7,105.7,80.7,,58,

157,Noah Fant,SEA,TE,25,14,13,0,0,0,0,0,0,0,,0,53,42,414,9.86,3,0,0,3,,,59,101.4,104.4,80.4,,15,

158,Dalton Schultz,DAL,TE,26,11,11,0,0,0,0,0,0,0,,0,62,41,430,10.49,3,1,1,3,,,59,100.0,104.0,79.5,,16,

159,Olamide Zaccheaus,ATL,WR,25,13,9,0,0,0,0,0,2,7,3.50,0,44,32,478,14.94,2,1,1,2,,,59,90.5,94.5,74.5,,59,

160,Corey Davis,NYJ,WR,27,10,8,0,0,0,0,0,0,0,,0,48,26,460,17.69,2,0,0,2,,,58,84.0,87.0,71.0,,60,

161,Darrell Henderson,LAR,RB,25,10,7,0,0,0,0,0,70,283,4.04,3,22,17,102,6.00,0,0,0,3,,,57,73.5,79.5,65.0,,50,

162,Cooper Rush,DAL,QB,29,8,5,94,161,1051,5,3,9,6,0.67,0,0,0,0,,0,2,0,0,,,57,56.6,62.6,59.6,,35,

163,Chase Claypool,2TM,WR,24,13,11,1,1,1,1,0,9,59,6.56,0,72,44,422,9.59,1,1,1,1,,,56,100.1,104.1,78.1,,62,

164,Dontrell Hilliard,TEN,RB,27,12,1,0,0,0,0,0,22,145,6.59,0,26,21,177,8.43,4,0,0,4,,,56,77.2,83.2,66.7,,51,

165,Chris Moore,HOU,WR,29,12,3,0,0,0,0,0,2,5,2.50,0,51,37,438,11.84,2,0,0,2,,,56,93.3,96.3,74.8,,61,

166,Jahan Dotson,WAS,WR,22,8,6,0,0,0,0,0,2,-7,-3.50,0,35,19,233,12.26,5,0,0,5,1,,55,73.6,76.6,64.1,,64,

167,Dawson Knox,BUF,TE,26,12,12,0,0,0,0,0,0,0,,0,50,37,368,9.95,3,0,0,3,,,55,91.8,94.8,73.3,,17,

168,Nick Westbrook-Ikhine,TEN,WR,25,13,10,0,0,0,0,0,0,0,,0,41,22,370,16.82,3,0,0,3,,,55,77.0,80.0,66.0,,63,

169,James Cook,BUF,RB,23,13,0,0,0,0,0,0,64,329,5.14,1,25,16,160,10.00,0,1,1,1,,,53,68.9,75.9,60.9,,52,

170,Hunter Henry,NWE,TE,28,13,11,0,0,0,0,0,0,0,,0,42,28,406,14.50,2,0,0,2,,,53,80.6,83.6,66.6,,18,

171,Marvin Jones,JAX,WR,32,12,8,0,0,0,0,0,0,0,,0,58,33,407,12.33,2,0,0,2,,,53,85.7,88.7,69.2,,65,

172,Brock Purdy,SFO,QB,23,6,2,62,93,678,6,2,15,3,0.20,1,0,0,0,,0,0,0,1,,,53,53.4,58.4,55.4,,36,

173,Mike White,NYJ,QB,27,3,3,80,129,952,3,2,6,9,1.50,1,0,0,0,,0,1,0,1,,,53,53.0,58.0,55.0,,37,

174,Noah Brown,DAL,WR,26,12,11,0,0,0,0,0,0,0,,0,53,34,484,14.24,1,1,1,1,,,52,86.4,90.4,69.4,,66,

175,Kenneth Gainwell,PHI,RB,23,13,0,0,0,0,0,0,41,183,4.46,4,20,14,95,6.79,0,0,0,4,,,52,65.8,68.8,58.8,,53,

176,Michael Gallup,DAL,WR,26,10,7,0,0,0,0,0,0,0,,0,55,30,337,11.23,3,0,0,3,,,52,81.7,84.7,66.7,,69,

177,Hayden Hurst,CIN,TE,29,12,12,0,0,0,0,0,0,0,,0,63,48,400,8.33,2,0,0,2,,,52,100.0,103.0,76.0,,19,

178,DeVante Parker,NWE,WR,29,12,10,0,0,0,0,0,0,0,,0,40,25,460,18.40,1,0,0,1,,,52,77.0,80.0,64.5,,67,

179,Allen Robinson,LAR,WR,29,10,10,0,0,0,0,0,0,0,,0,52,33,339,10.27,3,0,0,3,,,52,84.9,87.9,68.4,,68,

180,Will Dissly,SEA,TE,26,14,14,0,0,0,0,0,0,0,,0,37,33,330,10.00,3,0,0,3,,,51,84.0,87.0,67.5,,20,

181,Mike Gesicki,MIA,TE,27,13,1,0,0,0,0,0,0,0,,0,39,24,269,11.21,4,0,0,4,,,51,74.9,77.9,62.9,,21,

182,Keenan Allen,LAC,WR,30,6,6,0,0,0,0,0,0,0,,0,49,34,400,11.76,2,1,1,2,,,50,84.0,88.0,67.0,,70,

183,Treylon Burks,TEN,WR,22,8,4,0,0,0,0,0,2,12,6.00,0,37,25,359,14.36,1,0,0,2,,,49,74.1,77.1,61.6,,71,

184,DJ Chark,DET,WR,26,7,6,0,0,0,0,0,0,0,,0,37,20,306,15.30,3,0,0,3,,,49,68.6,71.6,58.6,,73,

185,Romeo Doubs,GNB,WR,22,9,7,0,0,0,0,0,1,11,11.00,0,50,31,314,10.13,3,2,1,3,,,49,79.5,83.5,64.0,,75,

186,Richie James,NYG,WR,27,13,3,0,0,0,0,0,2,6,3.00,0,47,38,361,9.50,3,3,3,3,,,49,86.7,92.7,67.7,,72,

187,Alexander Mattison,MIN,RB,24,13,0,0,0,0,0,0,50,173,3.46,3,16,13,78,6.00,1,0,0,4,,,49,62.1,65.1,55.6,,54,

188,K.J. Osborn,MIN,WR,25,13,9,0,0,0,0,0,3,6,2.00,0,57,35,300,8.57,3,0,0,3,,,49,83.6,86.6,66.1,,74,

189,Rashaad Penny,SEA,RB,26,5,5,0,0,0,0,0,57,346,6.07,2,5,4,16,4.00,0,1,0,2,,,48,52.2,55.2,50.2,,55,

190,Kyle Pitts,ATL,TE,22,10,10,0,0,0,0,0,0,0,,0,59,28,356,12.71,2,0,0,2,,,48,75.6,78.6,61.6,,22,

191,Trent Sherfield,MIA,WR,26,13,3,0,0,0,0,0,0,0,,0,42,26,362,13.92,2,0,0,2,,,48,74.2,77.2,61.2,,76,

192,Austin Hooper,TEN,TE,28,13,2,0,0,0,0,0,0,0,,0,43,32,347,10.84,2,0,0,2,,,47,78.7,81.7,62.7,,23,

193,Rondale Moore,ARI,WR,22,8,8,0,0,0,0,0,6,-5,-0.83,0,56,41,414,10.10,1,0,0,1,,,47,87.9,90.9,67.4,,78,

194,Quez Watkins,PHI,WR,24,13,6,0,0,0,0,0,1,-3,-3.00,0,35,26,315,12.12,3,1,1,3,,,47,73.2,77.2,60.2,,77,

195,J.K. Dobbins,BAL,RB,24,5,5,0,0,0,0,0,50,243,4.86,2,6,6,39,6.50,1,0,0,3,,,46,52.2,55.2,49.2,,56,

196,Tyler Higbee,LAR,TE,29,13,13,0,0,0,0,0,0,0,,0,81,52,455,8.75,0,0,0,0,,,46,97.5,100.5,71.5,,26,

197,Chigoziem Okonkwo,TEN,TE,23,13,5,0,0,0,0,0,2,-4,-2.00,0,31,21,320,15.24,2,0,0,2,1,,46,66.6,69.6,56.1,,25,

198,Cade Otton,TAM,TE,23,12,8,0,0,0,0,0,0,0,,0,50,36,337,9.36,2,0,0,2,,,46,81.7,84.7,63.7,,24,

199,Demarcus Robinson,BAL,WR,28,13,3,0,0,0,0,0,0,0,,0,56,38,390,10.26,1,0,0,1,,,45,83.0,86.0,64.0,,79,

200,Ben Skowronek,LAR,WR,25,13,10,0,0,0,0,0,1,17,17.00,1,58,38,373,9.82,0,0,0,1,,,45,83.0,86.0,64.0,,80,

201,Robert Woods,TEN,WR,30,13,11,0,0,0,0,0,0,0,,0,68,38,406,10.68,1,1,1,1,,,45,82.6,86.6,63.6,,81,

202,Nelson Agholor,NWE,WR,29,12,5,0,0,0,0,0,0,0,,0,45,30,359,11.97,2,2,2,2,,,44,73.9,78.9,58.9,,82,

203,Julio Jones,TAM,WR,33,8,3,0,0,0,0,0,4,32,8.00,0,39,22,284,12.91,2,0,0,2,,,44,65.6,68.6,54.6,,83,

204,Jameis Winston,NOR,QB,28,3,3,73,115,858,4,5,5,16,3.20,0,0,0,0,,0,3,0,0,,1,44,43.9,51.9,48.9,,38,

205,Jordan Akins,HOU,TE,30,11,2,0,0,0,0,0,0,0,,0,34,25,326,13.04,2,1,1,2,,,43,67.6,71.6,55.1,,28,

206,Greg Dortch,ARI,WR,24,12,2,0,0,0,0,0,2,4,2.00,0,39,34,324,9.53,2,1,1,2,,,43,76.8,80.8,59.8,,84,

207,Joe Flacco,NYJ,QB,37,4,3,92,158,902,5,3,3,6,2.00,0,0,0,0,,0,5,4,0,,,43,42.7,52.7,45.7,,39,

208,Caleb Huntley,ATL,RB,24,11,0,0,0,0,0,0,75,364,4.85,1,2,2,3,1.50,0,1,0,1,,,43,44.7,47.7,43.7,,57,

209,Robert Tonyan,GNB,TE,28,13,3,0,0,0,0,0,0,0,,0,56,45,372,8.27,1,0,0,1,,,43,88.2,91.2,65.7,,27,

210,Greg Dulcich,DEN,TE,22,8,4,0,0,0,0,0,0,0,,0,45,28,361,12.89,1,0,0,1,,,42,70.1,73.1,56.1,,29,

211,Gus Edwards,BAL,RB,27,5,3,0,0,0,0,0,62,261,4.21,3,2,0,0,,0,1,1,3,,,42,42.1,46.1,42.1,,58,

212,Foster Moreau,LVR,TE,25,11,10,0,0,0,0,0,0,2,,0,45,25,316,12.64,2,1,1,2,,,42,66.8,70.8,54.3,,30,

213,Randall Cobb,GNB,WR,32,9,1,0,0,0,0,0,0,0,,0,40,26,349,13.42,1,1,0,1,,,41,66.9,69.9,53.9,,86,

214,Chase Edmonds,2TM,RB,26,10,2,0,0,0,0,0,46,135,2.93,2,19,11,96,8.73,1,0,0,3,,,41,52.1,55.1,46.6,,59,

215,Chuba Hubbard,CAR,RB,23,11,1,0,0,0,0,0,55,250,4.55,2,10,8,61,7.63,0,1,1,2,,,41,49.1,53.1,45.1,,60,

216,Terrace Marshall Jr.,CAR,WR,22,10,6,0,0,0,0,0,0,0,,0,35,19,346,18.21,1,0,0,1,,,41,59.6,62.6,50.1,,88,

217,Elijah Moore,NYJ,WR,22,12,7,0,0,0,0,0,4,2,0.50,0,52,28,351,12.54,1,0,0,1,,,41,69.3,72.3,55.3,,85,

218,Kalif Raymond,DET,WR,28,13,5,0,0,0,0,0,5,24,4.80,0,48,34,401,11.79,0,3,1,0,,,41,74.5,78.5,57.5,,89,

219,Rashid Shaheed,NOR,WR,24,8,2,0,0,0,0,0,3,50,16.67,1,15,12,239,19.92,1,1,0,2,,,41,52.9,55.9,46.9,,87,

220,Jamal Agnew,JAX,WR,27,11,0,0,0,0,0,0,7,40,5.71,0,24,18,155,8.61,3,0,0,3,1,,40,57.5,60.5,48.5,,91,

221,Jauan Jennings,SFO,WR,25,13,2,0,0,0,0,0,0,0,,0,48,30,339,11.30,1,1,0,1,,,40,69.9,72.9,54.9,,90,

222,Rashod Bateman,BAL,WR,23,6,5,0,0,0,0,0,0,0,,0,28,15,285,19.00,2,1,1,2,,,39,53.5,57.5,46.0,,93,

223,Equanimeous St. Brown,CHI,WR,26,13,13,0,0,0,0,0,6,54,9.00,0,33,17,280,16.47,1,1,0,1,,,39,56.4,59.4,47.9,,92,

224,P.J. Walker,CAR,QB,27,6,5,63,106,731,3,3,6,39,6.50,0,0,0,0,,0,0,0,0,,,39,39.1,45.1,42.1,,40,

225,Jelani Woods,IND,TE,24,11,0,0,0,0,0,0,0,0,,0,26,17,205,12.06,3,1,0,3,,,39,55.5,58.5,47.0,,31,

226,Bailey Zappe,NWE,QB,23,4,2,65,92,781,5,3,10,0,0.00,0,1,1,-6,-6.00,0,4,3,0,,,39,39.6,48.6,42.1,,41,

227,Daniel Bellinger,NYG,TE,22,9,8,0,0,0,0,0,1,2,2.00,1,26,24,195,8.13,2,0,0,3,,,38,61.7,64.7,49.7,,32,

228,Laviska Shenault Jr.,CAR,WR,24,9,1,0,0,0,0,0,7,57,8.14,1,24,21,198,9.43,1,0,0,2,,,38,58.5,61.5,48.0,,94,

229,Russell Gage,TAM,WR,26,9,4,0,0,0,0,0,0,0,,0,43,32,254,7.94,2,1,1,2,1,,37,69.4,73.4,53.4,,95,

230,Jaylen Warren,PIT,RB,24,12,0,0,0,0,0,0,42,206,4.90,0,23,20,167,8.35,0,1,0,0,,,37,57.3,63.3,47.3,,61,

231,Braxton Berrios,NYJ,WR,27,13,2,1,1,2,1,0,9,91,10.11,2,25,16,107,6.69,0,1,0,2,,,36,51.9,54.9,43.9,,99,

232,Damiere Byrd,ATL,WR,29,10,3,0,0,0,0,0,0,0,,0,17,10,241,24.10,2,0,0,2,,,36,46.1,49.1,41.1,,96,

233,Noah Gray,KAN,TE,23,13,6,0,0,0,0,0,1,1,1.00,1,28,22,234,10.64,1,0,0,2,,,36,57.5,60.5,46.5,,34,

234,Van Jefferson,LAR,WR,26,7,5,0,0,0,0,0,0,0,,0,27,13,180,13.85,3,0,0,3,,,36,49.0,52.0,42.5,,97,

235,Zonovan Knight,NYJ,RB,21,3,2,0,0,0,0,0,46,230,5.00,1,10,10,68,6.80,0,1,0,1,,,36,45.8,48.8,40.8,,62,

236,Isaiah Likely,BAL,TE,22,12,1,0,0,0,0,0,0,0,,0,37,22,236,10.73,2,0,0,2,,,36,57.6,60.6,46.6,,33,

237,Dante Pettis,CHI,WR,27,13,4,0,0,0,0,0,2,37,18.50,0,25,14,202,14.43,2,1,0,2,,,36,49.9,52.9,42.9,,98,

238,Justin Jackson,DET,RB,26,13,0,0,0,0,0,0,34,153,4.50,1,15,10,75,7.50,1,0,0,2,,,35,44.8,47.8,39.8,,63,

239,Jarvis Landry,NOR,WR,30,8,3,0,0,0,0,0,0,0,,0,38,25,272,10.88,1,1,0,1,1,,35,60.2,63.2,47.7,,100,

240,Michael Thomas,NOR,WR,29,3,3,0,0,0,0,0,0,0,,0,22,16,171,10.69,3,0,0,3,,,35,51.1,54.1,43.1,,101,

241,Jamycal Hasty,JAX,RB,26,13,0,0,0,0,0,0,29,133,4.59,1,15,12,90,7.50,1,0,0,2,,,34,46.3,49.3,40.3,,64,

242,Isaiah Hodgins,2TM,WR,24,7,3,0,0,0,0,0,0,0,,0,27,21,224,10.67,2,1,1,2,1,,34,55.4,59.4,44.9,,102,

243,Mark Ingram,NOR,RB,33,10,3,0,0,0,0,0,62,233,3.76,1,18,16,68,4.25,0,2,2,1,1,,34,50.1,55.1,42.1,,65,

244,Justin Watson,KAN,WR,26,13,4,0,0,0,0,0,0,0,,0,24,13,221,17.00,2,0,0,2,,,34,47.1,50.1,40.6,,103,

245,Tre'Quan Smith,NOR,WR,26,11,4,0,0,0,0,0,0,0,,0,26,18,272,15.11,1,0,0,1,,,33,51.2,54.2,42.2,,104,

246,Tutu Atwell,LAR,WR,23,9,2,0,0,0,0,0,7,27,3.86,0,21,11,237,21.55,1,0,0,1,,,32,43.4,46.4,37.9,,105,

247,Kendall Hinton,DEN,WR,25,11,5,0,0,0,0,0,1,13,13.00,0,31,24,311,12.96,0,0,0,0,,,32,56.4,59.4,44.4,,106,

248,Deon Jackson,IND,RB,23,12,2,0,0,0,0,0,44,136,3.09,1,22,20,124,6.20,0,0,0,1,,,32,52.0,58.0,42.0,,66,

249,Robbie Anderson,2TM,WR,29,13,6,0,0,0,0,0,0,0,,0,41,19,269,14.16,1,1,1,1,,,31,49.9,53.9,40.4,,107,

250,Rex Burkhead,HOU,RB,32,12,0,0,1,0,0,0,26,80,3.08,0,38,29,169,5.83,1,0,0,1,,,31,59.9,62.9,45.4,,68,

251,Nyheim Hines,2TM,RB,26,13,5,0,0,0,0,0,23,31,1.35,1,34,28,222,7.93,0,1,0,1,,,31,59.3,62.3,45.3,,67,

252,Kyle Juszczyk,SFO,RB,31,13,10,0,0,0,0,0,5,14,2.80,1,22,18,174,9.67,1,0,0,2,,,31,48.8,51.8,39.8,,69,

253,Joshua Kelley,LAC,RB,25,9,0,0,0,0,0,0,36,167,4.64,1,16,10,78,7.80,0,0,0,1,,,31,40.5,43.5,35.5,,70,

254,Colt McCoy,ARI,QB,36,3,2,77,111,702,1,2,12,34,2.83,0,0,0,0,,0,2,0,0,,,31,31.5,36.5,33.5,,42,

255,Trenton Irwin,CIN,WR,27,6,2,0,0,0,0,0,1,11,11.00,0,15,10,169,16.90,2,0,0,2,,,30,40.0,43.0,35.0,,108,

256,Teddy Bridgewater,MIA,QB,30,4,1,37,60,522,3,3,2,21,10.50,0,0,0,0,,0,0,0,0,,,29,29.0,35.0,32.0,,43,

257,Sam Darnold,CAR,QB,25,2,2,25,43,284,2,0,7,33,4.71,1,0,0,0,,0,1,0,1,,,29,28.7,28.7,28.7,,44,

258,J.D. McKissic,WAS,RB,29,8,0,0,0,0,0,0,22,95,4.32,0,40,27,173,6.41,0,0,0,0,1,,29,55.8,58.8,42.3,,72,

259,Wan'Dale Robinson,NYG,WR,21,6,3,0,0,0,0,0,2,-1,-0.50,0,31,23,227,9.87,1,0,0,1,,,29,51.6,54.6,40.1,,109,

260,Boston Scott,PHI,RB,27,11,2,0,0,0,0,0,43,157,3.65,2,5,5,15,3.00,0,0,0,2,,,29,34.2,37.2,31.7,,71,

261,Irv Smith Jr.,MIN,TE,24,7,0,0,0,0,0,0,0,0,,0,33,22,168,7.64,2,1,0,2,,,29,50.8,53.8,39.8,,35,

262,Mo Alie-Cox,IND,TE,29,13,9,0,0,0,0,0,0,0,,0,23,17,183,10.76,2,1,1,2,,,28,45.3,49.3,36.8,,36,

263,Kendrick Bourne,NWE,WR,27,12,2,0,0,0,0,0,4,8,2.00,0,31,24,273,11.38,0,2,0,0,,,28,52.1,55.1,40.1,,110,

264,KhaDarel Hodge,ATL,WR,27,13,1,0,0,0,0,0,0,0,,0,19,12,197,16.42,1,0,0,1,1,,28,39.7,42.7,33.7,,112,

265,Tyquan Thornton,NWE,WR,22,9,5,0,0,0,0,0,3,16,5.33,1,29,16,145,9.06,1,0,0,2,,,28,44.1,47.1,36.1,,111,

266,Matt Breida,NYG,RB,27,13,0,0,0,0,0,0,37,118,3.19,1,15,11,92,8.36,0,0,0,1,,,27,38.0,41.0,32.5,,74,

267,Kylen Granson,IND,TE,24,12,4,0,0,0,0,0,1,0,0.00,0,38,29,268,9.24,0,1,0,0,,,27,55.8,58.8,41.3,,38,

268,Travis Homer,SEA,RB,24,9,1,0,0,0,0,0,19,74,3.89,0,18,16,157,9.81,1,1,1,1,,,27,43.1,47.1,35.1,,73,

269,Ray-Ray McCloud,SFO,WR,26,14,2,0,0,0,0,0,3,7,2.33,0,22,13,201,15.46,1,2,0,1,,,27,39.8,42.8,33.3,,113,

270,Logan Thomas,WAS,TE,31,10,9,0,0,0,0,0,0,0,,0,40,24,210,8.75,1,0,0,1,,,27,51.0,54.0,39.0,,37,

271,Raheem Blackshear,CAR,RB,23,9,1,0,0,0,0,0,19,73,3.84,2,10,8,82,10.25,0,1,1,2,,,26,33.5,34.5,29.5,,76,

272,Dyami Brown,WAS,WR,23,11,0,0,0,0,0,0,0,0,,0,12,5,143,28.60,2,0,0,2,,,26,31.3,34.3,28.8,,114,

273,Harrison Bryant,CLE,TE,24,13,6,0,0,0,0,0,1,8,8.00,0,35,25,193,7.72,1,0,0,1,,,26,51.1,54.1,38.6,,39,

274,Phillip Dorsett,HOU,WR,29,12,4,0,0,0,0,0,0,0,,0,30,14,198,14.14,1,0,0,1,,,26,39.8,42.8,32.8,,115,

275,Jake Ferguson,DAL,TE,23,13,7,0,0,0,0,0,0,0,,0,19,16,139,8.69,2,0,0,2,,,26,41.9,44.9,33.9,,40,

276,Javonte Williams,DEN,RB,22,4,4,0,0,0,0,0,47,204,4.34,0,22,16,76,4.75,0,1,1,0,,,26,42.0,46.0,34.0,,75,

277,Ashton Dulin,IND,WR,25,9,2,0,0,0,0,0,1,3,3.00,0,20,13,182,14.00,1,0,0,1,,,25,37.5,40.5,31.0,,116,

278,Josh Oliver,BAL,TE,25,13,5,0,0,0,0,0,0,0,,0,18,11,130,11.82,2,0,0,2,,,25,36.0,39.0,30.5,,42,

279,Colby Parkinson,SEA,TE,23,14,0,0,0,0,0,0,0,0,,0,20,15,194,12.93,1,0,0,1,,,25,40.4,43.4,32.9,,41,

280,Ameer Abdullah,LVR,RB,29,13,0,0,0,0,0,0,4,20,5.00,0,26,20,160,8.00,1,0,0,1,,,24,44.0,47.0,34.0,,78,

281,Justice Hill,BAL,RB,25,11,0,0,0,0,0,0,41,225,5.49,0,10,10,39,3.90,0,2,1,0,,,24,34.4,38.4,29.4,,77,

282,O.J. Howard,HOU,TE,28,12,9,0,0,0,0,0,0,0,,0,21,9,119,13.22,2,0,0,2,,,24,32.9,35.9,28.4,,43,

283,Darren Waller,LVR,TE,30,5,4,0,0,0,0,0,0,0,,0,24,16,175,10.94,1,0,0,1,,,24,39.5,42.5,31.5,,44,

284,Elijah Mitchell,SFO,RB,24,4,1,0,0,0,0,0,40,224,5.60,0,4,3,7,2.33,0,0,0,0,,,23,26.1,29.1,24.6,,79,

285,MyCole Pruitt,ATL,TE,30,9,3,0,0,0,0,0,0,0,,0,8,7,47,6.71,3,0,0,3,,,23,29.7,29.7,26.2,,46,

286,Shi Smith,CAR,WR,24,13,5,0,0,0,0,0,0,0,,0,31,16,185,11.56,1,3,1,1,,,23,38.5,42.5,30.5,,117,

287,Adam Trautman,NOR,TE,25,11,9,0,0,0,0,0,0,0,,0,19,16,173,10.81,1,0,0,1,,,23,39.3,42.3,31.3,,45,

288,Marquez Callaway,NOR,WR,24,11,3,0,0,0,0,0,0,0,,0,31,16,158,9.88,1,0,0,1,,,22,37.8,40.8,29.8,,118,

289,River Cracraft,MIA,WR,28,9,0,0,0,0,0,0,0,0,,0,13,8,97,12.13,2,0,0,2,,,22,29.7,29.7,25.7,,119,

290,Tyler Huntley,BAL,QB,24,3,1,35,44,275,0,1,19,72,3.79,1,0,0,0,,0,1,0,1,,,22,22.2,23.2,23.2,,45,

291,Alec Ingold,MIA,RB,26,13,11,0,0,0,0,0,5,6,1.20,1,18,14,98,7.00,1,0,0,2,,,22,36.4,36.4,29.4,,80,

292,Ty Johnson,NYJ,RB,25,13,0,0,0,0,0,0,15,95,6.33,1,16,9,64,7.11,0,0,0,1,,,22,30.9,30.9,26.4,,81,

293,Jordan Mason,SFO,RB,23,13,0,0,0,0,0,0,33,217,6.58,0,0,0,0,,0,0,0,0,,,22,21.7,24.7,21.7,,83,

294,Craig Reynolds,DET,RB,26,8,0,0,0,0,0,0,23,102,4.43,0,10,9,116,12.89,0,0,0,0,,,22,30.8,36.8,26.3,,82,

295,Deshaun Watson,CLE,QB,27,2,2,38,64,407,1,2,13,54,4.15,0,0,0,0,,0,0,0,0,,,22,21.7,26.7,23.7,,46,

296,Jody Fortson,KAN,TE,27,12,1,0,0,0,0,0,0,0,,0,12,9,108,12.00,2,1,1,2,,,21,29.8,33.8,25.3,,47,

297,A.J. Green,ARI,WR,34,11,7,0,0,0,0,0,0,0,,0,38,19,128,6.74,1,0,0,1,1,,21,39.8,42.8,30.3,,121,

298,Peyton Hendershot,DAL,TE,23,13,1,0,0,0,0,0,1,2,2.00,1,14,10,83,8.30,1,1,0,2,,,21,30.5,30.5,25.5,,48,

299,Sterling Shepard,NYG,WR,29,3,2,0,0,0,0,0,0,0,,0,24,13,154,11.85,1,0,0,1,,,21,34.4,37.4,27.9,,120,

300,Jonnu Smith,NWE,TE,27,12,6,0,0,0,0,0,1,5,5.00,0,31,22,200,9.09,0,1,0,0,,,21,42.5,45.5,31.5,,49,

301,Sammy Watkins,GNB,WR,29,9,3,0,0,0,0,0,0,0,,0,22,13,206,15.85,0,0,0,0,,,21,33.6,36.6,27.1,,122,

302,David Bell,CLE,WR,22,13,3,0,0,0,0,0,0,0,,0,31,23,196,8.52,0,0,0,0,,,20,42.6,45.6,31.1,,124,

303,Mike Boone,DEN,RB,27,9,0,0,0,0,0,0,24,102,4.25,0,15,9,96,10.67,0,0,0,0,,,20,28.8,31.8,24.3,,85,

304,Malik Davis,DAL,RB,24,8,0,0,0,0,0,0,23,103,4.48,1,5,4,40,10.00,0,0,0,1,,,20,24.3,27.3,22.3,,84,

305,Zach Pascal,PHI,WR,28,13,1,0,0,0,0,0,1,0,0.00,0,17,14,144,10.29,1,0,0,1,,,20,34.4,37.4,27.4,,123,

306,Durham Smythe,MIA,TE,27,12,11,0,0,0,0,0,2,1,0.50,1,12,9,75,8.33,1,0,0,2,,,20,28.6,28.6,24.1,,52,

307,Tommy Tremble,CAR,TE,22,13,3,0,0,0,0,0,0,0,,0,23,11,101,9.18,2,1,1,2,,,20,31.1,35.1,25.6,,50,

308,Brock Wright,DET,TE,24,13,7,0,0,0,0,0,0,0,,0,16,13,141,10.85,1,0,0,1,,,20,33.1,36.1,26.6,,51,

309,Tevin Coleman,SFO,RB,29,5,0,0,0,0,0,0,12,26,2.17,1,3,3,44,14.67,1,0,0,2,,,19,22.0,22.0,20.5,,86,

310,KJ Hamler,DEN,WR,23,7,0,0,0,0,0,0,2,23,11.50,0,14,7,165,23.57,0,0,0,0,,,19,25.8,28.8,22.3,,125,

311,Scott Miller,TAM,WR,25,11,1,0,0,0,0,0,1,8,8.00,0,37,22,177,8.05,0,0,0,0,,,19,40.5,43.5,29.5,,128,

312,Brandon Powell,LAR,WR,27,13,2,0,0,0,0,0,12,53,4.42,0,22,18,135,7.50,0,1,0,0,,,19,36.8,39.8,27.8,,126,

313,Khalil Shakir,BUF,WR,22,11,2,0,0,0,0,0,0,0,,0,17,8,128,16.00,1,0,0,1,,,19,26.8,29.8,22.8,,127,

314,Kadarius Toney,2TM,WR,23,5,2,0,0,0,0,0,4,56,14.00,0,11,8,69,8.63,1,0,0,1,,,19,26.5,26.5,22.5,,129,

315,Johnny Mundt,MIN,TE,28,13,9,0,0,0,0,0,0,0,,0,19,17,117,6.88,1,0,0,1,,,18,34.7,37.7,26.2,,53,

316,Dare Ogunbowale,HOU,RB,28,13,1,0,0,0,0,0,8,27,3.38,1,17,13,95,7.31,0,0,0,1,,,18,31.2,31.2,24.7,,87,

317,Ian Thomas,CAR,TE,26,13,13,0,0,0,0,0,0,0,,0,26,19,176,9.26,0,0,0,0,,,18,36.6,39.6,27.1,,54,

318,Kyren Williams,LAR,RB,22,6,0,0,0,0,0,0,25,108,4.32,0,11,8,73,9.13,0,0,0,0,,,18,26.1,29.1,22.1,,88,

319,John Bates,WAS,TE,25,12,5,0,0,0,0,0,0,0,,0,22,14,108,7.71,1,1,0,1,,,17,30.8,33.8,23.8,,56,

320,Gary Brightwell,NYG,RB,23,13,0,0,0,0,0,0,14,73,5.21,1,5,4,36,9.00,0,0,0,1,,,17,20.9,20.9,18.9,,90,

321,Ross Dwelley,SFO,TE,27,12,0,0,0,0,0,0,0,0,,0,5,3,105,35.00,1,0,0,1,,,17,19.5,22.5,18.0,,58,

322,Connor Heyward,PIT,TE,23,13,0,0,0,0,0,0,0,0,,0,10,9,106,11.78,1,0,0,1,,,17,25.6,28.6,21.1,,57,

323,Denzel Mims,NYJ,WR,25,7,3,0,0,0,0,0,0,0,,0,22,10,173,17.30,0,0,0,0,,,17,27.3,30.3,22.3,,130,

324,Jalen Reagor,MIN,WR,23,13,0,0,0,0,0,0,2,25,12.50,0,9,6,87,14.50,1,3,0,1,,,17,23.2,23.2,20.2,,131,

325,Hunter Renfrow,LVR,WR,27,6,1,0,0,0,0,0,0,0,,0,29,21,192,9.14,0,3,1,0,,,17,38.2,42.2,27.7,,132,

326,Eric Saubert,DEN,TE,28,13,5,0,0,0,0,0,0,0,,0,19,11,113,10.27,1,0,0,1,,,17,28.3,31.3,22.8,,55,

327,Benny Snell Jr.,PIT,RB,24,13,0,0,0,0,0,0,20,90,4.50,1,2,2,17,8.50,0,0,0,1,,,17,18.7,18.7,17.7,,91,

328,Darrel Williams,ARI,RB,27,6,0,0,0,0,0,0,21,102,4.86,1,8,4,9,2.25,0,0,0,1,,,17,21.1,24.1,19.1,,89,

329,Kyle Allen,HOU,QB,26,2,2,46,78,416,2,4,6,13,2.17,0,0,0,0,,0,4,1,0,,,16,15.9,23.9,19.9,,47,

330,Marlon Mack,2TM,RB,26,5,0,0,0,0,0,0,7,25,3.57,0,5,4,73,18.25,1,0,0,1,,,16,19.8,19.8,17.8,,93,

331,Sony Michel,LAC,RB,27,10,0,0,0,0,0,0,36,106,2.94,0,13,9,53,5.89,0,0,0,0,,,16,24.9,27.9,20.4,,92,

332,Skyy Moore,KAN,WR,22,13,3,0,0,0,0,0,1,12,12.00,0,28,18,212,11.78,0,3,3,0,,,16,34.4,40.4,25.4,,133,

333,Bryce Perkins,LAR,QB,26,4,1,19,34,161,1,2,18,92,5.11,0,0,0,0,,0,0,0,0,,,16,15.6,17.6,17.6,,48,

334,Pierre Strong,NWE,RB,24,11,0,0,0,0,0,0,6,75,12.50,1,2,2,20,10.00,0,0,0,1,,,16,17.5,17.5,16.5,,94,

335,Brandon Bolden,LVR,RB,32,12,0,0,0,0,0,0,8,34,4.25,0,9,9,57,6.33,1,0,0,1,,,15,24.1,24.1,19.6,,95,

336,Cameron Brate,TAM,TE,31,8,1,0,0,0,0,0,0,0,,0,33,18,149,8.28,0,0,0,0,,,15,32.9,35.9,23.9,,59,

337,N'Keal Harry,CHI,WR,25,4,0,0,0,0,0,0,0,0,,0,6,5,93,18.60,1,0,0,1,,,15,20.3,20.3,17.8,,134,

338,Anthony Schwartz,CLE,WR,22,11,1,0,0,0,0,0,4,57,14.25,1,10,4,51,12.75,0,1,1,1,,,15,18.8,19.8,16.8,,135,

339,John Wolford,LAR,QB,27,3,3,38,62,390,1,3,8,32,4.00,0,0,0,0,,0,3,1,0,,,15,14.8,21.8,17.8,,49,

340,Sam Ehlinger,IND,QB,24,2,2,32,52,304,0,1,11,54,4.91,0,0,0,0,,0,1,1,0,,,14,13.6,18.6,14.6,,50,

341,Zander Horvath,LAC,RB,24,13,2,0,0,0,0,0,4,8,2.00,0,8,5,8,1.60,2,0,0,2,,,14,18.6,18.6,16.1,,96,

342,Keaontay Ingram,ARI,RB,23,8,0,0,0,0,0,0,22,53,2.41,1,2,2,23,11.50,0,0,0,1,,,14,15.6,15.6,14.6,,97,

343,Tom Kennedy,DET,WR,26,7,1,0,0,0,0,0,0,0,,0,15,8,141,17.63,0,0,0,0,,,14,22.1,25.1,18.1,,137,

344,Ko Kieft,TAM,TE,24,13,9,0,0,0,0,0,0,0,,0,9,7,80,11.43,1,0,0,1,,,14,21.0,21.0,17.5,,60,

345,Samori Toure,GNB,WR,24,7,2,0,0,0,0,0,0,0,,0,10,5,82,16.40,1,1,0,1,,,14,19.2,19.2,16.7,,136,

346,C.J. Uzomah,NYJ,TE,29,12,10,0,0,0,0,0,0,0,,0,17,15,137,9.13,0,0,0,0,,,14,28.7,31.7,21.2,,61,

347,DeeJay Dallas,SEA,RB,24,12,0,0,1,0,0,1,24,104,4.33,0,8,7,42,6.00,0,1,0,0,,,13,19.6,23.6,17.1,,99,

348,Tanner Hudson,NYG,TE,28,11,0,0,0,0,0,0,0,0,,0,15,10,132,13.20,0,0,0,0,,,13,23.2,26.2,18.2,,62,

349,DeSean Jackson,BAL,WR,36,4,1,0,0,0,0,0,0,0,,0,10,7,134,19.14,0,0,0,0,,,13,20.4,23.4,16.9,,138,

350,Zack Moss,2TM,RB,25,9,0,0,0,0,0,0,24,122,5.08,0,8,7,27,3.86,0,1,1,0,,,13,19.9,23.9,16.4,,98,

351,Chris Myarick,NYG,TE,27,13,8,0,0,0,0,0,0,0,,0,8,7,65,9.29,1,0,0,1,,,13,19.5,19.5,16.0,,63,

352,Breshad Perriman,TAM,WR,29,9,2,0,0,0,0,0,2,-7,-3.50,0,17,8,101,12.63,1,2,1,1,,,13,21.4,25.4,17.4,,139,

353,Amari Rodgers,2TM,WR,23,12,0,0,0,0,0,0,1,3,3.00,0,13,8,107,13.38,1,5,2,1,,,13,21.0,26.0,17.0,,140,

354,Dan Arnold,JAX,TE,27,13,0,0,0,0,0,0,0,0,,0,11,8,118,14.75,0,0,0,0,,,12,19.8,22.8,15.8,,64,

355,Pharaoh Brown,2TM,TE,28,12,7,0,0,0,0,0,0,0,,0,20,12,117,9.75,0,0,0,0,,,12,23.7,26.7,17.7,,65,

356,Reggie Gilliam,BUF,RB,25,12,3,0,0,0,0,0,0,0,,0,9,7,57,8.14,1,0,0,1,,,12,18.7,18.7,15.2,,100,

357,Trey Lance,SFO,QB,22,2,2,15,31,194,0,1,16,67,4.19,0,0,0,0,,0,1,0,0,,,12,12.5,13.5,13.5,,51,

358,Byron Pringle,CHI,WR,29,7,1,0,0,0,0,0,0,0,,0,7,5,57,11.40,1,0,0,1,,,12,16.7,16.7,14.2,,142,

359,Jack Stoll,PHI,TE,24,13,9,0,0,0,0,0,0,0,,0,13,10,117,11.70,0,0,0,0,,,12,21.7,24.7,16.7,,66,

360,Jalen Virgil,DEN,WR,24,5,1,0,0,0,0,0,0,0,,0,4,2,75,37.50,1,1,1,1,,,12,13.5,14.5,12.5,,143,

361,Cedrick Wilson Jr.,MIA,WR,27,12,0,0,0,0,0,0,1,8,8.00,0,16,11,115,10.45,0,0,0,0,,,12,23.3,26.3,17.8,,141,

362,Lawrence Cager,2TM,TE,25,5,3,0,0,0,0,0,0,0,,0,9,5,49,9.80,1,0,0,1,,,11,15.9,15.9,13.4,,68,

363,Josiah Deguara,GNB,TE,25,13,1,0,0,0,0,0,0,0,,0,13,11,106,9.64,0,0,0,0,,,11,21.6,24.6,16.1,,71,

364,Jeff Driskel,HOU,TE,29,3,0,4,6,38,1,0,9,51,5.67,0,0,0,0,,0,0,0,0,,,11,10.6,10.6,10.6,,70,

365,Jordan Love,GNB,QB,24,3,0,12,18,186,1,0,0,0,,0,0,0,0,,0,0,0,0,,,11,11.4,11.4,11.4,,52,

366,James Mitchell,DET,TE,23,10,0,0,0,0,0,0,0,0,,0,5,5,48,9.60,1,0,0,1,,,11,15.8,15.8,13.3,,69,

367,Brett Rypien,DEN,QB,26,2,1,28,54,241,1,2,4,9,2.25,0,0,0,0,,0,2,0,0,,,11,10.5,12.5,12.5,,54,

368,David Sills,NYG,WR,26,9,5,0,0,0,0,0,0,0,,0,17,11,106,9.64,0,0,0,0,,,11,21.6,24.6,16.1,,144,

369,Geoff Swaim,TEN,TE,29,13,10,0,0,0,0,0,0,0,,0,13,9,50,5.56,1,0,0,1,,,11,20.0,20.0,15.5,,67,

370,Tyrod Taylor,NYG,QB,33,2,0,6,8,58,1,1,5,70,14.00,0,0,0,0,,0,2,1,0,,1,11,11.3,13.3,12.3,,53,

371,Chris Evans,CIN,RB,25,11,0,0,0,0,0,0,0,0,,0,4,3,38,12.67,1,0,0,1,,,10,12.8,12.8,11.3,,101,

372,Zach Gentry,PIT,TE,26,13,10,0,0,0,0,0,0,0,,0,20,16,104,6.50,0,0,0,0,,,10,26.4,29.4,18.4,,72,

373,C.J. Ham,MIN,RB,29,13,2,0,0,0,0,0,2,6,3.00,1,6,4,30,7.50,0,0,0,1,,,10,13.6,13.6,11.6,,102,

374,Marcedes Lewis,GNB,TE,38,13,13,0,0,0,0,0,0,0,,0,4,3,20,6.67,1,0,0,1,1,,10,13.0,13.0,11.5,,73,

375,Dax Milne,WAS,WR,23,11,1,0,0,0,0,0,0,0,,0,7,6,37,6.17,1,0,0,1,,,10,15.7,15.7,12.7,,146,

376,Trevor Siemian,CHI,QB,31,2,1,15,26,184,1,1,4,8,2.00,0,0,0,0,,0,0,0,0,,,10,10.2,11.2,11.2,,55,

377,Jameson Williams,DET,WR,21,2,0,0,0,0,0,0,0,0,,0,3,1,41,41.00,1,0,0,1,,,10,11.1,11.1,10.6,,145,

378,Michael Bandy,LAC,WR,25,10,2,0,0,0,0,0,0,0,,0,21,10,89,8.90,0,0,0,0,,,9,18.9,18.9,13.9,,148,

379,Keelan Cole,LVR,WR,29,10,3,0,0,0,0,0,0,0,,0,16,7,86,12.29,0,1,0,0,,,9,15.6,15.6,12.1,,150,

380,Darrynton Evans,CHI,RB,24,4,0,0,0,0,0,0,12,55,4.58,0,1,1,33,33.00,0,0,0,0,,,9,9.8,9.8,9.3,,105,

381,Kevin Harris,NWE,RB,22,3,0,0,0,0,0,0,12,30,2.50,1,0,0,0,,0,0,0,1,,,9,9.0,9.0,9.0,,103,

382,Velus Jones Jr.,CHI,WR,25,8,0,0,0,0,0,0,6,48,8.00,0,5,3,24,8.00,1,2,2,1,,,9,12.2,14.2,10.7,,147,

383,Phillip Lindsay,IND,RB,28,3,0,0,0,0,0,0,15,49,3.27,0,8,6,19,3.17,0,0,0,0,1,,9,14.8,14.8,11.8,,106,

384,Patrick Ricard,BAL,RB,28,13,12,0,0,0,0,0,6,16,2.67,0,13,11,74,6.73,0,0,0,0,,,9,20.0,20.0,14.5,,104,

385,Armani Rogers,WAS,TE,25,10,3,0,0,0,0,0,1,24,24.00,0,6,5,64,12.80,0,0,0,0,,,9,13.8,13.8,11.3,,74,

386,Steven Sims,PIT,WR,25,8,1,0,0,0,0,0,10,35,3.50,0,16,9,53,5.89,0,2,0,0,,,9,17.8,17.8,13.3,,149,

387,Derek Watt,PIT,RB,30,13,3,0,0,0,0,0,5,15,3.00,0,5,5,11,2.20,1,0,0,1,,,9,13.6,13.6,11.1,,107,

388,Grant Calcaterra,PHI,TE,24,11,2,0,0,0,0,0,0,0,,0,7,5,81,16.20,0,0,0,0,,,8,13.1,13.1,10.6,,77,

389,Anthony Firkser,ATL,TE,27,7,1,0,0,0,0,0,0,0,,0,7,6,79,13.17,0,0,0,0,,,8,13.9,13.9,10.9,,78,

390,Parker Hesse,ATL,TE,27,13,4,0,0,0,0,0,0,0,,0,9,7,75,10.71,0,0,0,0,,,8,14.5,14.5,11.0,,80,

391,Brevin Jordan,HOU,TE,22,7,2,0,0,0,0,0,0,0,,0,22,10,78,7.80,0,0,0,0,,,8,17.8,17.8,12.8,,79,

392,Teagan Quitoriano,HOU,TE,22,6,4,0,0,0,0,0,0,0,,0,7,3,22,7.33,1,0,0,1,,,8,11.2,11.2,9.7,,76,

393,Jonathan Williams,WAS,RB,28,9,0,0,0,0,0,0,11,77,7.00,0,0,0,0,,0,0,0,0,,,8,7.7,7.7,7.7,,108,

394,Shane Zylstra,DET,TE,26,9,1,0,0,0,0,0,0,0,,0,5,4,23,5.75,1,0,0,1,,,8,12.3,12.3,10.3,,75,

395,Malcolm Brown,LAR,RB,29,7,0,0,0,0,0,0,15,39,2.60,0,4,4,35,8.75,0,0,0,0,,,7,11.4,11.4,9.4,,109,

396,D'Wayne Eskridge,SEA,WR,25,10,0,0,0,0,0,0,2,10,5.00,0,13,7,58,8.29,0,0,0,0,,,7,13.8,13.8,10.3,,155,

397,Brandon Johnson,DEN,WR,24,4,0,0,0,0,0,0,0,0,,0,10,3,12,4.00,1,0,0,1,,,7,10.2,10.2,8.7,,154,

398,Trey McBride,ARI,TE,23,12,9,0,0,0,0,0,0,0,,0,17,12,74,6.17,0,1,0,0,,,7,19.4,19.4,13.4,,81,

399,Ty Montgomery,NWE,WR,29,1,0,0,0,0,0,0,2,-2,-1.00,0,4,3,15,5.00,1,0,0,1,,,7,10.3,10.3,8.8,,152,

400,Kene Nwangwu,MIN,RB,24,13,0,0,0,0,0,0,4,1,0.25,0,1,1,5,5.00,0,0,0,1,,,7,7.6,7.6,7.1,,111,

401,Giovanni Ricci,CAR,RB,26,11,3,0,0,0,0,0,0,0,,0,8,7,68,9.71,0,0,0,0,,,7,13.8,13.8,10.3,,110,

402,Cam Sims,WAS,WR,26,13,3,0,0,0,0,0,0,0,,0,16,7,73,10.43,0,0,0,0,,,7,14.3,14.3,10.8,,153,

403,Kevin White,NOR,WR,30,7,2,0,0,0,0,0,0,0,,0,5,2,74,37.00,0,0,0,0,,,7,9.4,9.4,8.4,,151,

404,Mitchell Wilcox,CIN,TE,26,13,2,0,0,0,0,0,0,0,,0,9,8,70,8.75,0,0,0,0,,,7,15.0,15.0,11.0,,82,

405,Malik Willis,TEN,QB,23,6,2,14,34,157,0,1,19,72,3.79,0,0,0,0,,0,2,2,0,,,7,7.5,10.5,8.5,,56,

406,Andrew Beck,DEN,TE,26,9,4,0,0,0,0,0,1,-1,-1.00,0,6,3,59,19.67,0,0,0,0,,,6,8.8,8.8,7.3,,84,

407,Jamison Crowder,BUF,WR,29,4,0,0,0,0,0,0,0,0,,0,13,6,60,10.00,0,1,0,0,,,6,12.0,12.0,9.0,,159,

408,Jalen Guyton,LAC,WR,25,3,0,0,0,0,0,0,0,0,,0,4,2,64,32.00,0,0,0,0,,,6,8.4,8.4,7.4,,156,

409,Marcus Johnson,NYG,WR,28,10,4,0,0,0,0,0,0,0,,0,16,6,63,10.50,0,0,0,0,,,6,12.3,12.3,9.3,,158,

410,Tyler Kroft,SFO,TE,30,8,3,0,0,0,0,0,0,0,,0,5,4,57,14.25,0,0,0,0,,,6,9.7,9.7,7.7,,85,

411,Jake Kumerow,BUF,WR,30,6,1,0,0,0,0,0,0,0,,0,7,4,64,16.00,0,0,0,0,,,6,10.4,10.4,8.4,,157,

412,Tre' McKitty,LAC,TE,23,13,6,0,0,0,0,0,0,0,,0,15,9,62,6.89,0,1,0,0,,,6,15.2,15.2,10.7,,83,

413,Gunner Olszewski,PIT,WR,26,12,1,0,0,0,0,0,5,29,5.80,0,6,4,50,12.50,0,2,1,0,,,6,9.9,10.9,7.9,,160,

414,Jeff Smith,NYJ,WR,25,10,0,0,0,0,0,0,0,0,,0,6,4,57,14.25,0,0,0,0,,,6,9.7,9.7,7.7,,163,

415,Mike Strachan,IND,WR,25,10,0,0,0,0,0,0,0,0,,0,8,3,59,19.67,0,0,0,0,,,6,8.9,8.9,7.4,,161,

416,Trent Taylor,CIN,WR,28,13,1,0,0,0,0,0,4,15,3.75,0,10,6,62,10.33,0,2,1,0,,,6,11.7,12.7,8.7,,164,

417,Mike Thomas,CIN,WR,28,10,2,0,0,0,0,0,0,0,,0,10,2,38,19.00,0,0,0,0,1,,6,7.8,7.8,6.8,,162,

418,Zamir White,LVR,RB,23,12,0,0,0,0,0,0,15,62,4.13,0,0,0,0,,0,0,0,0,,,6,6.2,6.2,6.2,,112,

419,Trayveon Williams,CIN,RB,25,5,0,0,0,0,0,0,6,30,5.00,0,3,2,30,15.00,0,0,0,0,,,6,8.0,8.0,7.0,,113,

420,Spencer Brown,CAR,RB,24,2,0,0,0,0,0,0,9,43,4.78,0,4,2,10,5.00,0,0,0,0,,,5,7.3,7.3,6.3,,117,

421,Myles Gaskin,MIA,RB,25,3,0,0,0,0,0,0,10,26,2.60,0,6,4,28,7.00,0,0,0,0,,,5,9.4,9.4,7.4,,114,

422,Kenny Golladay,NYG,WR,29,8,3,0,0,0,0,0,0,0,,0,10,4,51,12.75,0,0,0,0,,,5,9.1,9.1,7.1,,166,

423,Hassan Haskins,TEN,RB,23,11,0,0,0,0,0,0,10,42,4.20,0,3,3,7,2.33,0,0,0,0,,,5,7.9,7.9,6.4,,119,

424,Cody Hollister,TEN,WR,29,11,3,0,0,0,0,0,0,0,,0,5,3,54,18.00,0,0,0,0,,,5,8.4,8.4,6.9,,165,

425,Tony Jones,2TM,RB,25,6,0,0,0,0,0,0,10,24,2.40,0,8,5,30,6.00,0,0,0,0,,,5,10.4,10.4,7.9,,115,

426,Quintin Morris,BUF,TE,23,11,1,0,0,0,0,0,0,0,,0,10,7,70,10.00,0,1,1,0,,,5,12.0,13.0,8.5,,87,

427,Albert Okwuegbunam,DEN,TE,24,6,0,0,0,0,0,0,0,0,,0,11,7,50,7.14,0,0,0,0,,,5,12.0,12.0,8.5,,88,

428,Donald Parham,LAC,TE,25,2,0,0,0,0,0,0,0,0,,0,4,3,53,17.67,0,0,0,0,,,5,8.3,8.3,6.8,,86,

429,Ronnie Rivers,LAR,RB,23,5,1,0,0,0,0,0,9,21,2.33,0,5,5,29,5.80,0,0,0,0,,,5,10.0,10.0,7.5,,118,

430,Isaiah Spiller,LAC,RB,21,6,0,0,0,0,0,0,18,41,2.28,0,3,3,13,4.33,0,0,0,0,,,5,8.4,8.4,6.9,,116,

431,Stephen Sullivan,CAR,TE,26,10,0,0,0,0,0,0,0,0,,0,4,2,46,23.00,0,0,0,0,,,5,6.6,6.6,5.6,,90,

432,Skylar Thompson,MIA,QB,25,5,1,28,53,278,0,2,10,14,1.40,0,0,0,0,,0,2,2,0,,,5,4.5,8.5,6.5,,57,

433,Eric Tomlinson,DEN,TE,30,13,10,0,0,0,0,0,0,0,,0,9,5,48,9.60,0,0,0,0,,,5,9.8,9.8,7.3,,89,

434,Dwayne Washington,NOR,RB,28,12,0,0,0,0,0,0,11,38,3.45,0,1,1,7,7.00,0,0,0,0,,,5,5.5,5.5,5.0,,121,

435,Trevon Wesco,CHI,TE,27,12,1,0,0,0,0,0,0,0,,0,4,2,26,13.00,0,0,0,0,1,,5,6.6,6.6,5.6,,91,

436,Jordan Wilkins,IND,RB,28,2,0,0,0,0,0,0,6,31,5.17,0,5,4,15,3.75,0,0,0,0,,,5,8.6,8.6,6.6,,120,

437,Kendall Blanton,LAR,TE,27,4,0,0,0,0,0,0,0,0,,0,2,2,35,17.50,0,0,0,0,,,4,5.5,5.5,4.5,,93,

438,Tyrion Davis-Price,SFO,RB,22,3,0,0,0,0,0,0,16,37,2.31,0,2,0,0,,0,0,0,0,,,4,3.7,3.7,3.7,,124,

439,Trestan Ebner,CHI,RB,23,13,0,0,0,0,0,0,24,54,2.25,0,5,2,8,4.00,0,2,1,0,,,4,6.2,7.2,5.2,,122,

440,Chris Manhertz,JAX,TE,30,13,9,0,0,0,0,0,0,0,,0,8,6,42,7.00,0,0,0,0,,,4,10.2,10.2,7.2,,92,

441,Anthony McFarland Jr.,PIT,RB,23,1,0,0,0,0,0,0,6,30,5.00,0,2,2,11,5.50,0,0,0,0,,,4,6.1,6.1,5.1,,123,

442,Kyle Philips,TEN,WR,23,4,0,0,0,0,0,0,0,0,,0,13,8,78,9.75,0,2,2,0,,,4,11.8,13.8,7.8,,168,

443,James Proche,BAL,WR,26,11,0,0,1,0,0,1,0,0,,0,12,8,62,7.75,0,0,0,0,,,4,12.2,13.2,9.2,,167,

444,Andre Baccellia,ARI,WR,25,6,0,0,0,0,0,0,0,0,,0,7,5,32,6.40,0,0,0,0,,,3,8.2,8.2,5.7,,169,

445,Corey Clement,ARI,RB,28,5,0,0,0,0,0,0,0,0,,0,2,2,29,14.50,0,0,0,0,,,3,4.9,4.9,3.9,,127,

446,Tyrie Cleveland,DEN,WR,25,6,0,0,0,0,0,0,0,0,,0,7,2,28,14.00,0,0,0,0,,,3,4.8,4.8,3.8,,171,

447,Chris Conley,2TM,WR,30,5,0,0,0,0,0,0,0,0,,0,4,1,27,27.00,0,0,0,0,,,3,3.7,3.7,3.2,,174,

448,Jaelon Darden,TAM,WR,23,12,0,0,0,0,0,0,1,2,2.00,0,2,2,26,13.00,0,0,0,0,,,3,4.8,4.8,3.8,,172,

449,Tyler Davis,GNB,TE,25,13,1,0,0,0,0,0,0,0,,0,7,4,26,6.50,0,0,0,0,,,3,6.6,6.6,4.6,,96,

450,Ben Ellefson,MIN,TE,26,4,1,0,0,0,0,0,0,0,,0,3,3,26,8.67,0,0,0,0,,,3,5.6,5.6,4.1,,97,

451,Luke Farrell,JAX,TE,25,13,0,0,0,0,0,0,0,0,,0,3,3,29,9.67,0,0,0,0,,,3,5.9,5.9,4.4,,95,

452,Brycen Hopkins,LAR,TE,25,10,0,0,0,0,0,0,0,0,,0,6,3,31,10.33,0,0,0,0,,,3,6.1,6.1,4.6,,94,

453,Ronald Jones II,KAN,RB,25,2,0,0,0,0,0,0,4,12,3.00,0,1,1,22,22.00,0,0,0,0,,,3,4.4,4.4,3.9,,125,

454,Tim Jones,JAX,WR,24,13,1,0,0,0,0,0,0,0,,0,4,3,30,10.00,0,0,0,0,,,3,6.0,6.0,4.5,,170,

455,Trace McSorley,ARI,QB,27,3,0,8,14,71,0,1,4,26,6.50,0,0,0,0,,0,0,0,0,,,3,3.4,4.4,4.4,,58,

456,Jalen Nailor,MIN,WR,23,11,0,0,0,0,0,0,0,0,,0,4,2,28,14.00,0,0,0,0,,,3,4.8,4.8,3.8,,173,

457,Jarrett Stidham,LVR,QB,26,3,0,8,13,72,0,0,0,0,,0,0,0,0,,0,0,0,0,,,3,2.9,2.9,2.9,,59,

458,DJ Turner,LVR,WR,25,9,0,0,0,0,0,0,4,26,6.50,0,1,0,0,,0,1,0,0,,,3,2.6,2.6,2.6,,175,

459,Ke'Shawn Vaughn,TAM,RB,25,11,0,0,0,0,0,0,8,21,2.63,0,2,1,11,11.00,0,0,0,0,,,3,4.2,4.2,3.7,,126,

460,Cole Beasley,TAM,WR,33,2,0,0,0,0,0,0,0,0,,0,5,4,17,4.25,0,0,0,0,,,2,5.7,5.7,3.7,,184,

461,Michael Burton,KAN,RB,30,13,0,0,0,0,0,0,5,7,1.40,0,3,2,11,5.50,0,0,0,0,,,2,3.8,3.8,2.8,,132,

462,Quintez Cephus,DET,WR,24,4,1,0,0,0,0,0,0,0,,0,3,2,15,7.50,0,0,0,0,,,2,3.5,3.5,2.5,,187,

463,Julius Chestnut,TEN,RB,22,2,0,0,0,0,0,0,5,13,2.60,0,2,2,8,4.00,0,0,0,0,,,2,4.1,4.1,3.1,,130,

464,Snoop Conner,JAX,RB,22,4,0,0,0,0,0,0,4,17,4.25,0,0,0,0,,0,0,0,0,,,2,1.7,1.7,1.7,,133,

465,Mike Davis,BAL,RB,29,8,0,0,0,0,0,0,8,18,2.25,0,2,2,4,2.00,0,1,0,0,,,2,4.2,4.2,3.2,,129,

466,Bryan Edwards,ATL,WR,24,7,1,0,0,0,0,0,0,0,,0,5,3,15,5.00,0,0,0,0,,,2,4.5,4.5,3.0,,188,

467,Simi Fehoko,DAL,WR,25,5,0,0,0,0,0,0,0,0,,0,4,3,24,8.00,0,0,0,0,,,2,5.4,5.4,3.9,,176,

468,Ryan Griffin,CHI,TE,32,11,0,0,0,0,0,0,0,0,,0,6,3,24,8.00,0,0,0,0,,,2,5.4,5.4,3.9,,98,

469,Penny Hart,SEA,WR,26,8,0,0,0,0,0,0,0,0,,0,2,2,18,9.00,0,0,0,0,,,2,3.8,3.8,2.8,,182,

470,Jesper Horsted,LVR,TE,25,11,0,0,0,0,0,0,0,0,,0,4,3,19,6.33,0,0,0,0,,,2,4.9,4.9,3.4,,102,

471,Dennis Houston,DAL,WR,23,2,0,0,0,0,0,0,0,0,,0,6,2,16,8.00,0,0,0,0,,,2,3.6,3.6,2.6,,186,

472,Lil'Jordan Humphrey,NWE,WR,24,6,2,0,0,0,0,0,0,0,,0,4,2,20,10.00,0,0,0,0,,,2,4.0,4.0,3.0,,181,

473,Andy Isabella,ARI,WR,26,3,0,0,0,0,0,0,0,0,,0,5,2,21,10.50,0,0,0,0,,,2,4.1,4.1,3.1,,178,

474,D'Ernest Johnson,CLE,RB,26,11,0,0,0,0,0,0,4,17,4.25,0,3,3,7,2.33,0,0,0,0,,,2,5.4,5.4,3.9,,128,

475,Keith Kirkwood,NOR,WR,28,2,1,0,0,0,0,0,0,0,,0,2,2,18,9.00,0,0,0,0,,,2,3.8,3.8,2.8,,183,

476,Nick Mullens,MIN,QB,27,2,0,6,8,51,0,0,0,0,,0,0,0,0,,0,0,0,0,,,2,2.0,2.0,2.0,,60,

477,Dezmon Patmon,IND,WR,24,1,0,0,0,0,0,0,0,0,,0,6,2,24,12.00,0,0,0,0,,,2,4.4,4.4,3.4,,177,

478,Kyle Rudolph,TAM,TE,33,6,0,0,0,0,0,0,0,0,,0,4,2,20,10.00,0,0,0,0,,,2,4.0,4.0,3.0,,101,

479,Trey Sermon,PHI,RB,23,2,0,0,0,0,0,0,2,19,9.50,0,0,0,0,,0,0,0,0,,,2,1.9,1.9,1.9,,131,

480,Stone Smartt,LAC,TE,24,4,1,0,0,0,0,0,0,0,,0,5,4,17,4.25,0,0,0,0,,,2,5.7,5.7,3.7,,103,

481,J.J. Taylor,NWE,RB,24,1,0,0,0,0,0,0,10,9,0.90,0,1,1,8,8.00,0,0,0,0,,,2,2.7,2.7,2.2,,134,

482,Cole Turner,WAS,TE,22,6,2,0,0,0,0,0,0,0,,0,9,2,23,11.50,0,0,0,0,,,2,4.3,4.3,3.3,,99,

483,Nick Vannett,2TM,TE,29,5,1,0,0,0,0,0,0,0,,0,4,3,22,7.33,0,0,0,0,,,2,5.2,5.2,3.7,,100,

484,Tylan Wallace,BAL,WR,23,8,0,0,0,0,0,0,0,0,,0,6,3,21,7.00,0,0,0,0,,,2,5.1,5.1,3.6,,179,

485,Juwann Winfree,GNB,WR,26,3,0,0,0,0,0,0,0,0,,0,4,1,17,17.00,0,0,0,0,,,2,2.7,2.7,2.2,,185,

486,Michael Woods II,CLE,WR,22,6,0,0,0,0,0,0,0,0,,0,6,2,21,10.50,0,0,0,0,,,2,4.1,4.1,3.1,,180,

487,Salvon Ahmed,MIA,RB,24,8,0,0,0,0,0,0,5,14,2.80,0,0,0,0,,0,0,0,0,,,1,1.4,1.4,1.4,,135,

488,Maurice Alexander,DET,WR,25,7,0,0,0,0,0,0,0,0,,0,1,1,7,7.00,0,0,0,0,,,1,1.7,1.7,1.2,,195,

489,Brandon Allen,CIN,QB,30,1,0,3,3,22,0,0,3,-1,-0.33,0,0,0,0,,0,0,0,0,,,1,0.8,0.8,0.8,,63,

490,Stephen Anderson,ARI,TE,29,13,0,0,0,0,0,0,0,0,,0,5,3,9,3.00,0,0,0,0,,,1,3.9,3.9,2.4,,105,

491,C.J. Board,TEN,WR,29,4,0,0,0,0,0,0,0,0,,0,1,1,6,6.00,0,1,0,0,,,1,1.6,1.6,1.1,,197,

492,Miles Boykin,PIT,WR,26,12,0,0,0,0,0,0,0,0,,0,2,1,11,11.00,0,0,0,0,,,1,2.1,2.1,1.6,,192,

493,Jalen Camp,HOU,WR,24,2,0,0,0,0,0,0,0,0,,0,1,1,7,7.00,0,0,0,0,,,1,1.7,1.7,1.2,,196,

494,Danny Gray,SFO,WR,23,10,0,0,0,0,0,0,0,0,,0,7,1,10,10.00,0,0,0,0,,,1,2.0,2.0,1.5,,193,

495,Troy Hairston,HOU,RB,24,12,4,0,0,0,0,0,0,0,,0,5,3,12,4.00,0,0,0,0,,,1,4.2,4.2,2.7,,136,

496,Jacob Harris,LAR,TE,25,7,0,0,0,0,0,0,0,0,,0,1,1,6,6.00,0,0,0,0,,,1,1.6,1.6,1.1,,108,

497,Kylin Hill,GNB,RB,24,2,0,0,0,0,0,0,1,7,7.00,0,0,0,0,,0,0,0,0,,,1,0.7,0.7,0.7,,138,

498,Brian Hoyer,NWE,QB,37,1,1,5,6,37,0,0,0,0,,0,0,0,0,,0,0,0,0,,,1,1.5,1.5,1.5,,61,

499,David Johnson,NOR,RB,31,1,0,0,0,0,0,0,1,-4,-4.00,0,1,1,11,11.00,0,0,0,0,,,1,1.7,1.7,1.2,,139,

500,Jakob Johnson,LVR,RB,28,13,7,0,0,0,0,0,0,0,,0,5,4,7,1.75,0,0,0,0,,,1,4.7,4.7,2.7,,140,

501,Josh Johnson,SFO,QB,36,1,0,1,2,10,0,0,2,3,1.50,0,0,0,0,,0,0,0,0,,,1,0.7,0.7,0.7,,64,

502,Tyron Johnson,2TM,WR,26,4,1,0,0,0,0,0,0,0,,0,1,1,8,8.00,0,0,0,0,,,1,1.8,1.8,1.3,,194,

503,Sean McKeon,DAL,TE,25,9,0,0,0,0,0,0,0,0,,0,3,2,11,5.50,0,0,0,0,,,1,3.1,3.1,2.1,,104,

504,Gardner Minshew II,PHI,QB,26,3,0,2,4,34,0,0,2,-2,-1.00,0,0,0,0,,0,0,0,0,,,1,1.2,1.2,1.2,,62,

505,Jason Moore,LAC,WR,27,6,0,0,0,0,0,0,0,0,,0,2,1,5,5.00,0,0,0,0,,,1,1.5,1.5,1.0,,199,

506,Devine Ozigbo,DEN,RB,26,3,0,0,0,0,0,0,1,2,2.00,0,1,1,3,3.00,0,0,0,0,,,1,1.5,1.5,1.0,,142,

507,Mason Schreck,HOU,TE,29,2,1,0,0,0,0,0,0,0,,0,2,2,6,3.00,0,0,0,0,,,1,2.6,2.6,1.6,,109,

508,Keith Smith,ATL,RB,30,13,4,0,0,0,0,0,1,2,2.00,0,2,1,8,8.00,0,0,0,0,,,1,2.0,2.0,1.5,,137,

509,Tommy Sweeney,BUF,TE,27,5,0,0,0,0,0,0,0,0,,0,1,1,7,7.00,0,0,0,0,,,1,1.7,1.7,1.2,,106,

510,Patrick Taylor,GNB,RB,24,10,0,0,0,0,0,0,1,6,6.00,0,0,0,0,,0,0,0,0,,,1,0.6,0.6,0.6,,141,

511,Jalen Tolbert,DAL,WR,23,8,1,0,0,0,0,0,0,0,,0,3,2,12,6.00,0,0,0,0,,,1,3.2,3.2,2.2,,190,

512,Austin Trammell,LAR,WR,24,2,0,0,0,0,0,0,0,0,,0,4,2,13,6.50,0,0,0,0,,,1,3.3,3.3,2.3,,189,

513,KaVontae Turpin,DAL,WR,26,13,0,0,0,0,0,0,3,17,5.67,0,2,1,9,9.00,0,2,1,0,,,1,1.6,2.6,1.1,,198,

514,Montrell Washington,DEN,WR,23,13,1,0,0,0,0,0,5,30,6.00,0,9,4,2,0.50,0,4,1,0,,,1,5.2,6.2,3.2,,191,

515,Maxx Williams,ARI,TE,28,7,0,0,0,0,0,0,0,0,,0,1,1,7,7.00,0,0,0,0,,,1,1.7,1.7,1.2,,107,

516,Devin Asiasi,CIN,,25,10,0,0,0,0,0,0,0,0,,0,2,0,0,,0,0,0,0,,,,,,,,111,

517,C.J. Beathard,JAX,QB,29,2,0,2,3,6,0,0,1,-1,-1.00,0,0,0,0,,0,0,0,0,,,,0.1,0.1,0.1,,67,

518,Trinity Benson,DET,,25,1,0,0,0,0,0,0,0,0,,0,0,0,0,,0,0,0,0,,,,,,,,203,

519,Giovani Bernard,TAM,,31,4,0,0,0,0,0,0,0,0,,0,0,0,0,,0,0,0,0,,,,,,,,149,

520,Khari Blasingame,CHI,,26,12,5,0,0,0,0,0,0,0,,0,1,0,0,,0,0,0,0,,,,,,,,150,

521,Lynn Bowden Jr.,NWE,,25,1,0,0,0,0,0,0,0,0,,0,0,0,0,,0,0,0,0,,,,,,,,204,

522,Nick Boyle,BAL,,29,10,0,0,0,0,0,0,0,0,,0,0,0,0,,0,0,0,0,,,,,,,,112,

523,Anthony Brown,BAL,QB,24,1,0,3,5,16,0,0,3,-5,-1.67,0,0,0,0,,0,0,0,0,,,,0.1,0.1,0.1,,68,

524,John Brown,BUF,,32,2,0,0,0,0,0,0,0,0,,0,1,0,0,,0,0,0,0,,,,,,,,205,

525,Jason Cabinda,DET,RB,26,5,2,0,0,0,0,0,1,4,4.00,0,2,0,0,,0,0,0,0,,,,0.4,0.4,0.4,,143,

526,Trenton Cannon,TEN,,28,2,0,0,0,0,0,0,0,0,,0,0,0,0,,0,0,0,0,,,,,,,,151,

527,Cethan Carter,MIA,,27,1,0,0,0,0,0,0,0,0,,0,0,0,0,,0,0,0,0,,,,,,,,113,

528,Dan Chisena,MIN,,25,2,0,0,0,0,0,0,0,0,,0,0,0,0,,0,0,0,0,,,,,,,,206,

529,Pharoh Cooper,ARI,,27,2,0,0,0,0,0,0,0,0,,0,0,0,0,,0,0,0,0,,,,,,,,207,

530,Keke Coutee,IND,WR,25,6,0,0,0,0,0,0,0,0,,0,1,1,20,20.00,0,3,1,0,,,,1.0,2.0,0.5,,208,

531,Chase Daniel,LAC,QB,36,2,0,0,2,0,0,0,0,0,,0,0,0,0,,0,0,0,0,,,,,,,,69,

532,Rico Dowdle,DAL,,24,5,0,0,0,0,0,0,0,0,,0,0,0,0,,0,0,0,0,,,,,,,,152,

533,Jacob Eason,CAR,QB,25,1,0,3,5,59,0,1,0,0,,0,0,0,0,,0,0,0,0,,,,0.4,1.4,1.4,,65,

534,Alex Erickson,WAS,,30,2,0,0,0,0,0,0,0,0,,0,0,0,0,,0,0,0,0,,,,,,,,209,

535,Demetric Felton,CLE,RB,24,7,1,0,0,0,0,0,1,-4,-4.00,0,3,1,3,3.00,0,1,0,0,,,,0.9,0.9,0.4,,162,

536,Nick Foles ,IND,,33,1,0,0,0,0,0,0,0,0,,0,0,0,0,,0,0,0,0,,,,,,,,70,

537,Jerome Ford,CLE,RB,23,9,0,0,0,0,0,0,3,3,1.00,0,0,0,0,,0,0,0,0,,,,0.3,0.3,0.3,,146,

538,Feleipe Franks,ATL,,25,9,1,0,0,0,0,0,0,0,,0,2,0,0,,0,0,0,0,,,,,,,,71,

539,Jake Funk,LAR,,24,5,0,0,0,0,0,0,0,0,,0,0,0,0,,0,0,0,0,,,,,,,,153,

540,Tanner Gentry,BUF,,28,3,0,0,0,0,0,0,0,0,,0,1,0,0,,0,0,0,0,,,,,,,,210,

541,Cullen Gillaspia,SEA,,27,6,0,0,0,0,0,0,0,0,,0,0,0,0,,0,0,0,0,,,,,,,,154,

542,Josh Gordon,TEN,,31,2,0,0,0,0,0,0,0,0,,0,1,0,0,,0,0,0,0,,,,,,,,211,

543,Justin Hardee,NYJ,,28,13,0,0,0,0,0,0,0,0,,0,0,0,0,,0,0,0,0,,,,,,,,212,

544,Clark Harris,CIN,,38,1,0,0,0,0,0,0,0,0,,0,0,0,0,,0,0,0,0,,,,,,,,114,

545,Chad Henne,KAN,QB,37,2,0,0,2,0,0,0,3,-3,-1.00,0,0,0,0,,0,1,0,0,,,,-0.3,-0.3,-0.3,,73,

546,Rashard Higgins,CAR,,28,3,0,0,0,0,0,0,0,0,,0,0,0,0,,0,0,0,0,,,,,,,,213,

547,Jacob Hollister,2TM,,29,5,0,0,0,0,0,0,0,0,,0,0,0,0,,0,0,0,0,,,,,,,,115,

548,J.P. Holtz,NOR,,29,6,2,0,0,0,0,0,0,0,,0,0,0,0,,0,0,0,0,,,,,,,,116,

549,Jordan Howard,NOR,RB,28,2,0,0,0,0,0,0,1,1,1.00,0,0,0,0,,0,0,0,0,,,,0.1,0.1,0.1,,148,

550,Godwin Igwebuike,SEA,,28,2,0,0,0,0,0,0,0,0,,0,0,0,0,,0,0,0,0,,,,,,,,155,

551,Tyree Jackson,PHI,,25,4,0,0,0,0,0,0,0,0,,0,0,0,0,,0,0,0,0,,,,,,,,117,

552,Jesse James,CLE,,28,2,0,0,0,0,0,0,0,0,,0,0,0,0,,0,0,0,0,,,,,,,,118,

553,Duke Johnson,BUF,RB,29,1,0,0,0,0,0,0,2,4,2.00,0,0,0,0,,0,0,0,0,,,,0.4,0.4,0.4,,144,

554,Tyler Johnson,HOU,,24,2,0,0,0,0,0,0,0,0,,0,0,0,0,,0,0,0,0,,,,,,,,214,

555,Taiwan Jones,BUF,,34,13,0,0,0,0,0,0,0,0,,0,0,0,0,,0,0,0,0,,,,,,,,156,

556,Case Keenum,BUF,QB,34,2,0,2,7,8,0,0,5,0,0.00,0,0,0,0,,0,0,0,0,,,,0.3,0.3,0.3,,66,

557,Marcus Kemp,KAN,,27,3,0,0,0,0,0,0,0,0,,0,0,0,0,,0,0,0,0,,,,,,,,215,

558,Mason Kinsey,TEN,WR,24,1,0,0,0,0,0,0,0,0,,0,1,1,3,3.00,0,0,0,0,,,,1.3,1.3,0.8,,200,

559,Hunter Long,MIA,,24,5,0,0,0,0,0,0,0,0,,0,0,0,0,,0,0,0,0,,,,,,,,119,

560,Racey McMath,TEN,,23,1,0,0,0,0,0,0,0,0,,0,4,0,0,,0,0,0,0,,,,,,,,216,

561,Kirk Merritt,NOR,,25,1,0,0,0,0,0,0,0,0,,0,0,0,0,,0,0,0,0,,,,,,,,217,

562,Stanley Morgan Jr.,CIN,,26,11,0,0,0,0,0,0,0,0,,0,1,0,0,,0,0,0,0,,,,,,,,218,

563,Qadree Ollison,DAL,,26,2,0,0,0,0,0,0,0,0,,0,0,0,0,,0,0,0,0,,,,,,,,157,

564,Matthew Orzech,LAR,,27,13,0,0,0,0,0,0,0,0,,0,0,0,0,,0,0,0,0,,,,,,,,120,

565,Jaret Patterson,WAS,,23,1,0,0,0,0,0,0,0,0,,0,0,0,0,,0,0,0,0,,,,,,,,158,

566,Adam Prentice,NOR,RB,25,7,1,0,0,0,0,0,1,2,2.00,0,1,1,2,2.00,0,1,0,0,,,,1.4,1.4,0.9,,145,

567,Kevin Rader,TEN,,27,10,2,0,0,0,0,0,0,0,,0,0,0,0,,0,0,0,0,,,,,,,,121,

568,Andre Roberts,CAR,,34,1,0,0,0,0,0,0,0,0,,0,0,0,0,,0,0,0,0,,,,,,,,219,

569,Richard Rodgers,LAC,TE,30,10,1,0,0,0,0,0,0,0,,0,4,1,4,4.00,0,0,0,0,,,,1.4,1.4,0.9,,110,

570,Larry Rountree,LAC,,23,1,0,0,0,0,0,0,0,0,,0,0,0,0,,0,0,0,0,,,,,,,,159,

571,Drew Sample,CIN,TE,26,2,2,0,0,0,0,0,0,0,,0,2,2,-2,-1.00,0,0,0,0,,,,1.8,1.8,0.8,,125,

572,Braylon Sanders,MIA,WR,23,1,0,0,0,0,0,0,0,0,,0,2,2,17,8.50,0,1,1,0,,,,1.7,2.7,0.7,,228,

573,Matthew Slater,NWE,,37,13,0,0,0,0,0,0,0,0,,0,0,0,0,,0,0,0,0,,,,,,,,220,

574,Willie Snead,SFO,,30,3,0,0,0,0,0,0,0,0,,0,0,0,0,,0,0,0,0,,,,,,,,221,

575,Matt Sokol,NWE,,27,1,0,0,0,0,0,0,0,0,,0,0,0,0,,0,0,0,0,,,,,,,,122,

576,Nate Sudfeld,DET,QB,29,1,0,0,0,0,0,0,2,-1,-0.50,0,0,0,0,,0,0,0,0,,,,-0.1,-0.1,-0.1,,72,

577,Freddie Swain,MIA,,24,1,0,0,0,0,0,0,0,0,,0,0,0,0,,0,0,0,0,,,,,,,,222,

578,Keir Thomas,LAR,,24,4,0,0,0,0,0,0,0,0,,0,0,0,0,,0,0,0,0,,,,,,,,223,

579,Noah Togiai,PHI,,25,2,0,0,0,0,0,0,0,0,,0,1,0,0,,0,0,0,0,,,,,,,,123,

580,Laquon Treadwell,SEA,WR,27,3,0,0,0,0,0,0,0,0,,0,1,1,1,1.00,0,0,0,0,,,,1.1,1.1,0.6,,202,

581,Malik Turner,SFO,,26,3,0,0,0,0,0,0,0,0,,0,0,0,0,,0,0,0,0,,,,,,,,224,

582,Jonathan Ward,ARI,,25,5,0,0,0,0,0,0,0,0,,0,0,0,0,,0,0,0,0,,,,,,,,160,

583,James Washington,DAL,,26,1,0,0,0,0,0,0,0,0,,0,1,0,0,,0,0,0,0,,,,,,,,225,

584,Cody White,PIT,WR,24,1,1,0,0,0,0,0,0,0,,0,1,1,2,2.00,0,0,0,0,,,,1.2,1.2,0.7,,201,

585,Antonio Williams,NYG,,25,2,0,0,0,0,0,0,0,0,,0,0,0,0,,0,0,0,0,,,,,,,,161,

586,Damien Williams,ATL,RB,30,1,1,0,0,0,0,0,2,2,1.00,0,0,0,0,,0,0,0,0,,,,0.2,0.2,0.2,,147,

587,Javon Wims,ARI,,28,1,0,0,0,0,0,0,0,0,,0,0,0,0,,0,0,0,0,,,,,,,,226,

588,Charlie Woerner,SFO,,25,14,2,0,0,0,0,0,0,0,,0,2,0,0,,0,0,0,0,,,,,,,,124,

589,Brandon Zylstra,DET,,29,2,0,0,0,0,0,0,0,0,,0,0,0,0,,0,0,0,0,,,,,,,,227,

590,Deonte Harty,NOR,WR,25,4,0,0,0,0,0,0,0,0,,0,2,2,13,6.50,0,1,1,0,,,-1,1.3,2.3,0.3,,230,

591,Ihmir Smith-Marsette,2TM,WR,23,7,0,0,0,0,0,0,1,-1,-1.00,0,4,1,15,15.00,0,1,1,0,,,-1,0.4,1.4,-0.1,,229,

592,Chester Rogers,CLE,,28,3,0,0,0,0,0,0,0,0,,0,0,0,0,,0,1,1,0,,,-2,-2.0,-1.0,-2.0,,231,

